"EmployeeID","Working_Average"
1,6.55452107279693
2,6.97942528735632
3,6.50275862068966
4,6.47693486590038
5,7.51551724137931
6,9.80295019157088
7,6.15421455938697
8,6.26214559386973
9,6.37685823754789
10,6.34731800766284
11,7.7595785440613
12,6.52708812260536
13,8.16107279693487
14,8.46390804597701
15,5.6232183908046
16,6.08850574712644
17,5.75712643678161
18,10.3814942528736
19,6.18681992337165
20,8.22532567049808
21,6.74739463601533
22,5.36417624521073
23,7.46854406130268
24,6.31176245210728
25,6.27781609195402
26,8.64432950191571
27,10.0519157088123
28,6.87578544061303
29,10.2204980842912
30,6.02003831417625
31,9.21835249042146
32,6.2211877394636
33,9.43015325670498
34,5.7564367816092
35,6.05632183908046
36,9.13080459770115
37,9.25639846743295
38,5.26911877394636
39,5.89333333333333
40,7.04206896551724
41,6.73536398467433
42,6.83812260536398
43,6.44624521072797
44,6.44509578544061
45,6.73222222222222
46,6.59597701149425
47,6.87570881226054
48,7.11252873563218
49,6.0660153256705
50,6.03352490421456
51,10.1024521072797
52,8.28636015325671
53,6.2555938697318
54,6.61528735632184
55,8.05011494252873
56,6.1611877394636
57,10.3128735632184
58,6.68544061302682
59,9.2627969348659
60,7.23908045977011
61,9.9772030651341
62,9.61157088122605
63,8.91226053639847
64,6.15103448275862
65,6.80819923371647
66,10.151877394636
67,5.49777777777778
68,5.74827586206897
69,5.30800766283525
70,9.39869731800766
71,6.88088122605364
72,6.04609195402299
73,5.672030651341
74,8.24597701149425
75,5.42
76,6.58099616858238
77,6.58333333333333
78,8.77455938697318
79,9.23337164750958
80,6.32486590038314
81,6.74586206896552
82,5.68367816091954
83,5.42651340996169
84,8.3291570881226
85,9.50743295019157
86,7.84145593869732
87,7.06310344827586
88,6.45214559386973
89,8.87214559386973
90,7.11555555555556
91,5.70674329501916
92,5.62954022988506
93,7.71471264367816
94,6.83455938697318
95,6.53252873563218
96,10.2190421455939
97,9.76409961685824
98,5.58107279693487
99,5.59812260536398
100,7.60379310344828
101,6.49425287356322
102,6.47892720306513
103,5.69731800766283
104,7.25632183908046
105,7.00727969348659
106,9.30111111111111
107,7.07444444444444
108,5.33172413793103
109,6.77390804597701
110,6.07195402298851
111,8.3344061302682
112,10.1848659003831
113,5.28306513409962
114,7.31107279693487
115,6.97850574712644
116,5.5492337164751
117,6.32969348659004
118,7.19544061302682
119,6.65593869731801
120,5.38137931034483
121,8.20524904214559
122,7.8523754789272
123,8.80590038314176
124,6.10708812260536
125,6.43609195402299
126,5.56367816091954
127,5.7564367816092
128,7.53264367816092
129,5.93295019157088
130,5.88919540229885
131,6.73731800766283
132,9.31183908045977
133,6.67681992337165
134,6.83475095785441
135,5.21731800766284
136,6.15019157088123
137,5.45045977011494
138,6.67498084291188
139,8.09651340996169
140,9.68501915708812
141,9.5448275862069
142,6.27547892720307
143,8.45674329501916
144,6.79494252873563
145,7.12084291187739
146,6.11670498084291
147,5.5995785440613
148,5.85249042145594
149,7.62988505747126
150,6.16344827586207
151,6.57455938697318
152,6.09038314176245
153,6.45310344827586
154,5.47938697318008
155,6.91084291187739
156,6.01409961685824
157,9.62911877394636
158,5.39616858237548
159,7.80226053639847
160,5.2883908045977
161,5.46352490421456
162,7.08766283524904
163,6.65340996168582
164,6.03984674329502
165,7.0883908045977
166,6.15252873563218
167,5.56758620689655
168,6.68302681992337
169,5.7804214559387
170,6.38873563218391
171,6.8816091954023
172,6.30961685823755
173,5.81329501915709
174,7.06475095785441
175,6.80141762452107
176,8.22984674329502
177,5.76701149425287
178,7.60072796934866
179,6.51137931034483
180,5.97888888888889
181,8.23011494252874
182,5.75528735632184
183,9.98452107279694
184,7.06245210727969
185,6.75846743295019
186,5.75524904214559
187,6.00011494252874
188,6.62624521072797
189,5.45674329501916
190,5.36931034482759
191,6.82597701149425
192,6.54793103448276
193,8.08942528735632
194,9.77260536398467
195,6.41655172413793
196,8.59183908045977
197,6.45823754789272
198,6.83555555555556
199,6.01724137931035
200,8.52272030651341
201,6.30057471264368
202,8.18858237547893
203,5.27850574712644
204,5.52620689655172
205,5.81724137931035
206,7.81272030651341
207,6.79528735632184
208,5.41245210727969
209,7.05639846743295
210,6.93130268199234
211,8.48463601532567
212,5.53394636015326
213,5.59168582375479
214,5.51291187739464
215,6.26478927203065
216,9.95521072796935
217,7.95072796934866
218,6.84590038314176
219,6.06524904214559
220,6.34659003831418
221,6.44425287356322
222,10.2033716475096
223,6.13980842911877
224,7.8827969348659
225,6.12015325670498
226,7.25655172413793
227,5.65789272030651
228,7.22314176245211
229,8.27057471264368
230,6.57379310344828
231,6.74471264367816
232,8.15302681992337
233,6.30697318007663
234,8.49693486590038
235,6.37176245210728
236,5.8563601532567
237,7.50038314176245
238,5.93628352490421
239,6.37417624521073
240,7.69145593869732
241,5.25080459770115
242,6.55659003831418
243,8.6948275862069
244,6.6376245210728
245,6.40505747126437
246,6.81134099616858
247,6.61666666666667
248,9.31429118773946
249,5.6676245210728
250,6.10613026819923
251,6.04402298850575
252,6.96816091954023
253,5.59789272030651
254,9.71908045977012
255,6.17134099616858
256,7.86842911877395
257,9.80494252873563
258,5.95693486590038
259,6.35670498084291
260,7.09214559386973
261,6.30383141762452
262,6.84888888888889
263,6.25547892720307
264,7.96693486590038
265,6.67229885057471
266,8.59475095785441
267,6.06287356321839
268,6.93701149425287
269,5.99252873563218
270,7.08183908045977
271,7.73371647509579
272,6.39624521072797
273,5.76241379310345
274,6.99030651340996
275,5.94505747126437
276,7.98865900383142
277,5.95337164750958
278,6.70586206896552
279,6.00111111111111
280,6.67022988505747
281,5.50651340996169
282,6.42429118773946
283,7.10547892720307
284,5.48977011494253
285,8.61049808429119
286,5.64030651340996
287,7.28712643678161
288,6.7139846743295
289,5.96471264367816
290,9.16195402298851
291,6.417969348659
292,5.96609195402299
293,6.90628352490421
294,5.81314176245211
295,6.37057471264368
296,7.88812260536398
297,7.01210727969349
298,6.21498084291188
299,5.45873563218391
300,6.28249042145594
301,6.78869731800766
302,9.90003831417624
303,5.64666666666667
304,5.28252873563218
305,9.16436781609195
306,6.82475095785441
307,5.38340996168582
308,7.09199233716475
309,8.89628352490421
310,7.27628352490421
311,7.30609195402299
312,6.58091954022989
313,6.68750957854406
314,6.29467432950192
315,5.78689655172414
316,5.45681992337165
317,5.67996168582375
318,8.32973180076628
319,6.20973180076628
320,8.80314176245211
321,10.0237931034483
322,6.12816091954023
323,7.29153256704981
324,6.26229885057471
325,6.00819923371647
326,6.9632183908046
327,7.25318007662835
328,7.24168582375479
329,6.29302681992337
330,5.51505747126437
331,5.79620689655172
332,10.1627586206897
333,6.44996168582376
334,7.40567049808429
335,8.63268199233717
336,6.74011494252874
337,6.8972030651341
338,7.90819923371648
339,7.06551724137931
340,9.30846743295019
341,5.46593869731801
342,5.78367816091954
343,7.07409961685824
344,6.12061302681992
345,8.80302681992337
346,5.85854406130268
347,7.05873563218391
348,7.04206896551724
349,6.18869731800766
350,5.56459770114943
351,5.57007662835249
352,6.49149425287356
353,9.40862068965517
354,6.37823754789272
355,9.26390804597701
356,6.3904214559387
357,7.04835249042146
358,6.86295019157088
359,5.41187739463602
360,5.78532567049808
361,5.8507662835249
362,5.55827586206897
363,6.10965517241379
364,8.73739463601533
365,6.98383141762452
366,5.65026819923372
367,9.75402298850575
368,7.74019157088123
369,6.10708812260536
370,6.80176245210728
371,5.63681992337165
372,5.47218390804598
373,5.76229885057471
374,10.1421072796935
375,7.05770114942529
376,7.03850574712644
377,9.69195402298851
378,7.71704980842912
379,8.85091954022989
380,6.91862068965517
381,7.07850574712644
382,6.89724137931035
383,6.66291187739464
384,6.13570881226054
385,6.31850574712644
386,8.80429118773946
387,9.28570881226054
388,8.71061302681992
389,5.68325670498084
390,6.4244061302682
391,6.67080459770115
392,6.23513409961686
393,6.8011877394636
394,9.98685823754789
395,7.54524904214559
396,5.77647509578544
397,6.46057471264368
398,8.4783908045977
399,9.48716475095785
400,5.85911877394636
401,8.95019157088123
402,5.58088122605364
403,9.81624521072797
404,6.07379310344828
405,6.37065134099617
406,7.39536398467433
407,9.62704980842912
408,7.70532567049808
409,9.05137931034483
410,9.21375478927203
411,6.94172413793103
412,9.76716475095786
413,7.03291187739464
414,7.27877394636015
415,6.00835249042146
416,9.61888888888889
417,7.61873563218391
418,5.66226053639847
419,9.46593869731801
420,6.21467432950192
421,6.13409961685824
422,6.62187739463601
423,5.95540229885057
424,6.62091954022989
425,6.5672030651341
426,7.9476245210728
427,5.25256704980843
428,7.05800766283525
429,9.56402298850575
430,6.4711877394636
431,9.80157088122605
432,5.64088122605364
433,7.37210727969349
434,7.6416091954023
435,7.10712643678161
436,8.90406130268199
437,5.62540229885057
438,5.43340996168582
439,5.72869731800766
440,6.68586206896552
441,5.78471264367816
442,6.3739846743295
443,6.58831417624521
444,6.04842911877395
445,7.02183908045977
446,7.07609195402299
447,6.64593869731801
448,5.73681992337165
449,8.60187739463601
450,9.08632183908046
451,6.31019157088123
452,7.46616858237548
453,7.05252873563218
454,9.29632183908046
455,7.02624521072797
456,6.47340996168582
457,6.51015325670498
458,8.29352490421456
459,6.99743295019157
460,6.31915708812261
461,8.06950191570881
462,7.39183908045977
463,9.45854406130268
464,8.82659003831418
465,7.2032183908046
466,6.38582375478927
467,6.16371647509579
468,8.28536398467433
469,5.84275862068966
470,5.6839846743295
471,5.81655172413793
472,8.81812260536399
473,9.03245210727969
474,7.67758620689655
475,6.64386973180077
476,6.98681992337165
477,6.40582375478927
478,7.43030651340996
479,5.79057471264368
480,6.28670498084291
481,6.4467816091954
482,6.79183908045977
483,6.32272030651341
484,7.01448275862069
485,5.59850574712644
486,9.48628352490421
487,5.90865900383142
488,7.79996168582375
489,5.45639846743295
490,7.32176245210728
491,6.83819923371647
492,5.43885057471264
493,10.1880076628352
494,5.62911877394636
495,7.22808429118774
496,9.94938697318008
497,6.86697318007663
498,6.88915708812261
499,6.56379310344828
500,6.57724137931034
501,7.48486590038314
502,6.23685823754789
503,7.21344827586207
504,5.4532183908046
505,7.26555555555556
506,8.61785440613027
507,7.20291187739464
508,6.9211877394636
509,8.6023754789272
510,6.40084291187739
511,5.29712643678161
512,7.23609195402299
513,6.6307662835249
514,6.87555555555556
515,6.17095785440613
516,5.87394636015326
517,5.31222222222222
518,7.317969348659
519,8.48348659003831
520,5.80992337164751
521,10.0626053639847
522,8.08249042145594
523,6.62375478927203
524,6.65360153256705
525,5.82
526,7.15409961685824
527,6.42712643678161
528,7.22574712643678
529,7.45505747126437
530,5.96
531,6.15701149425287
532,5.71578544061303
533,5.72429118773946
534,8.79724137931034
535,6.8392337164751
536,6.28206896551724
537,5.99616858237548
538,9.93383141762452
539,10.0228352490421
540,6.97268199233717
541,9.15509578544061
542,6.33973180076628
543,5.66984674329502
544,9.86214559386973
545,7.48647509578544
546,6.24743295019157
547,5.42501915708812
548,5.34701149425287
549,7.40130268199234
550,10.1239463601533
551,5.57260536398467
552,6.26256704980843
553,5.83490421455939
554,6.56885057471264
555,6.65605363984674
556,6.4272030651341
557,5.57091954022988
558,9.51099616858238
559,5.53065134099617
560,6.34103448275862
561,5.77080459770115
562,6.53793103448276
563,5.78747126436782
564,6.32019157088123
565,7.07287356321839
566,6.31340996168582
567,6.7883908045977
568,10.2303448275862
569,5.6488122605364
570,9.6611877394636
571,6.26984674329502
572,8.05444444444444
573,7.40823754789272
574,6.31019157088123
575,7.48080459770115
576,6.61965517241379
577,6.24501915708812
578,6.30693486590038
579,6.22038314176245
580,6.01961685823755
581,7.09685823754789
582,6.81034482758621
583,6.1448275862069
584,6.90823754789272
585,9.3839846743295
586,7.00245210727969
587,7.09988505747126
588,9.71022988505747
589,6.26406130268199
590,6.9760153256705
591,7.34375478927203
592,6.96333333333333
593,5.76080459770115
594,5.43992337164751
595,6.81061302681992
596,6.67103448275862
597,8.22475095785441
598,6.30793103448276
599,6.00651340996169
600,9.2067816091954
601,5.58295019157088
602,8.07685823754789
603,8.97003831417624
604,5.41927203065134
605,5.48521072796935
606,7.10134099616858
607,6.60367816091954
608,6.71896551724138
609,5.88107279693487
610,6.61888888888889
611,6.2316091954023
612,6.61980842911877
613,7.68432950191571
614,5.70773946360153
615,5.2107662835249
616,5.77624521072797
617,5.57153256704981
618,6.89256704980843
619,5.72750957854406
620,5.47758620689655
621,6.89804597701149
622,7.89137931034483
623,6.54199233716475
624,7.5244061302682
625,7.32812260536398
626,5.42938697318008
627,6.42513409961686
628,7.49245210727969
629,8.37409961685824
630,8.94463601532567
631,9.16885057471264
632,8.19168582375479
633,5.78590038314176
634,5.38459770114943
635,7.58536398467433
636,6.50026819923372
637,7.17229885057471
638,7.9004214559387
639,6.5748275862069
640,6.77724137931034
641,6.01206896551724
642,5.88007662835249
643,5.66681992337165
644,5.64260536398467
645,7.0664367816092
646,8.25616858237548
647,5.70689655172414
648,6.30804597701149
649,5.45666666666667
650,6.26942528735632
651,9.89007662835249
652,9.62666666666667
653,6.50992337164751
654,8.60505747126437
655,8.15532567049808
656,8.74344827586207
657,8.84846743295019
658,7.01264367816092
659,6.29260536398467
660,8.20114942528736
661,10.3549808429119
662,5.91019157088123
663,6.24908045977011
664,9.14214559386973
665,7.03072796934866
666,6.74988505747126
667,9.87954022988506
668,8.44697318007663
669,5.67582375478927
670,10.0393486590038
671,5.43107279693487
672,8.6307662835249
673,6.13130268199234
674,8.89429118773946
675,7.53712643678161
676,6.07003831417625
677,7.09620689655172
678,5.91858237547893
679,5.56176245210728
680,7.84394636015326
681,5.2723754789272
682,5.91934865900383
683,7.16045977011494
684,5.65390804597701
685,6.18187739463602
686,6.96977011494253
687,7.27685823754789
688,9.28850574712644
689,8.9751724137931
690,9.09574712643678
691,9.72885057471264
692,5.61475095785441
693,8.89923371647509
694,6.95570881226054
695,8.17452107279694
696,5.25068965517241
697,8.86632183908046
698,5.76616858237548
699,7.11544061302682
700,6.71789272030651
701,6.75563218390805
702,5.58892720306513
703,6.90655172413793
704,8.52145593869732
705,8.68432950191571
706,5.98436781609195
707,6.36291187739464
708,5.49107279693487
709,7.46632183908046
710,5.33448275862069
711,5.47463601532567
712,7.06911877394636
713,6.51724137931035
714,6.49651340996169
715,7.37624521072797
716,6.29605363984674
717,6.68210727969349
718,8.10927203065134
719,9.36080459770115
720,5.73850574712644
721,5.88022988505747
722,6.48019157088123
723,7.00938697318008
724,8.43597701149425
725,5.5355938697318
726,7.06318007662835
727,6.02724137931034
728,9.97716475095785
729,9.70226053639847
730,6.23996168582376
731,9.73931034482759
732,9.48095785440613
733,7.15344827586207
734,9.24988505747126
735,6.05605363984674
736,6.67218390804598
737,8.26827586206896
738,8.86379310344828
739,9.13777777777778
740,9.23210727969349
741,5.42827586206897
742,5.5164367816092
743,5.83302681992337
744,6.62873563218391
745,6.77333333333333
746,6.96478927203065
747,5.97157088122605
748,5.74103448275862
749,6.45862068965517
750,7.53195402298851
751,5.46195402298851
752,10.0027203065134
753,6.68026819923372
754,8.42934865900383
755,6.71620689655172
756,7.07662835249042
757,6.59298850574713
758,6.64172413793103
759,7.20708812260536
760,6.69390804597701
761,5.77149425287356
762,6.86747126436782
763,7.07298850574713
764,6.55739463601533
765,6.78758620689655
766,5.88743295019157
767,5.81697318007663
768,8.74827586206897
769,6.79670498084291
770,5.30724137931035
771,9.77509578544061
772,5.6316091954023
773,6.16467432950192
774,6.07965517241379
775,8.76348659003831
776,5.97314176245211
777,9.45486590038314
778,5.75758620689655
779,9.59770114942529
780,9.5136398467433
781,6.40988505747126
782,6.63965517241379
783,7.44896551724138
784,5.79298850574713
785,5.81911877394636
786,6.1948275862069
787,6.26394636015326
788,5.98984674329502
789,6.47291187739464
790,6.64609195402299
791,6.2211877394636
792,5.54831417624521
793,6.34896551724138
794,6.79582375478927
795,5.37099616858238
796,6.67996168582375
797,6.23310344827586
798,5.53229885057471
799,6.112030651341
800,7.25808429118774
801,7.89337164750958
802,5.7423754789272
803,7.60750957854406
804,6.73072796934866
805,9.58298850574713
806,6.54540229885057
807,5.65716475095785
808,9.62616858237548
809,7.38402298850575
810,9.97662835249042
811,7.09471264367816
812,5.63011494252874
813,6.05524904214559
814,5.71337164750958
815,6.65773946360153
816,5.26394636015326
817,7.48697318007663
818,6.79846743295019
819,6.11501915708812
820,6.02306513409962
821,6.91547892720306
822,6.22429118773946
823,6.48536398467433
824,5.44306513409962
825,6.912030651341
826,6.71555555555556
827,9.2255938697318
828,5.60873563218391
829,9.02708812260536
830,9.32842911877395
831,6.06509578544061
832,7.08624521072797
833,5.65570881226054
834,6.43505747126437
835,5.53521072796935
836,7.54229885057471
837,5.88685823754789
838,9.84409961685824
839,7.88275862068966
840,5.65256704980843
841,7.77283524904215
842,5.98854406130268
843,6.90850574712644
844,6.71697318007663
845,8.49754789272031
846,7.13704980842912
847,7.16448275862069
848,6.37340996168582
849,6.472030651341
850,6.34498084291188
851,6.36524904214559
852,5.80337164750958
853,8.60862068965517
854,6.08402298850575
855,7.07555555555556
856,6.61800766283525
857,6.3216091954023
858,6.79674329501916
859,5.71283524904215
860,5.35846743295019
861,6.68624521072797
862,6.33505747126437
863,6.43996168582375
864,6.57390804597701
865,7.36314176245211
866,8.12344827586207
867,7.29245210727969
868,6.20452107279693
869,8.63214559386973
870,6.12800766283525
871,8.29869731800766
872,5.58333333333333
873,5.97563218390805
874,5.32934865900383
875,5.84505747126437
876,6.14149425287356
877,6.5351724137931
878,6.09329501915709
879,7.64333333333333
880,8.06567049808429
881,8.77509578544061
882,5.63954022988506
883,8.17463601532567
884,5.85850574712644
885,8.36524904214559
886,7.06034482758621
887,6.37816091954023
888,10.2476245210728
889,5.58800766283525
890,6.68072796934866
891,5.78724137931034
892,5.67049808429119
893,6.84574712643678
894,6.79045977011494
895,7.09605363984674
896,7.8183908045977
897,5.6
898,5.94858237547893
899,6.6860153256705
900,5.45632183908046
901,7.32007662835249
902,5.9204214559387
903,6.78425287356322
904,8.56003831417624
905,5.4867816091954
906,7.02896551724138
907,8.44084291187739
908,7.6388122605364
909,6.21295019157088
910,9.67421455938697
911,7.95505747126437
912,6.31850574712644
913,5.96793103448276
914,9.80348659003831
915,6.56823754789272
916,7.03616858237548
917,5.44367816091954
918,6.04697318007663
919,7.14333333333333
920,7.1616091954023
921,5.91513409961686
922,6.88007662835249
923,5.22977011494253
924,7.88019157088123
925,7.34467432950192
926,5.75425287356322
927,6.6836398467433
928,7.07674329501916
929,7.41659003831418
930,6.67421455938697
931,9.96620689655172
932,5.5767816091954
933,5.76486590038314
934,6.85256704980843
935,8.72919540229885
936,7.20823754789272
937,6.01697318007663
938,5.8239846743295
939,10.1191187739464
940,7.11333333333333
941,8.61501915708812
942,5.20521072796935
943,7.61149425287356
944,7.4427969348659
945,6.76544061302682
946,7.19436781609195
947,8.97379310344828
948,6.95065134099617
949,6.74927203065134
950,7.25789272030651
951,7.08310344827586
952,5.56666666666667
953,6.89180076628352
954,6.06455938697318
955,6.27287356321839
956,8.65536398467433
957,7.78827586206897
958,7.28547892720306
959,7.44218390804598
960,6.14567049808429
961,6.22582375478927
962,7.01463601532567
963,5.56379310344828
964,5.71808429118774
965,5.79578544061303
966,6.16268199233716
967,7.24647509578544
968,5.72137931034483
969,5.9816091954023
970,6.28114942528736
971,6.83509578544061
972,8.88429118773946
973,5.3251724137931
974,7.08226053639847
975,6.39030651340996
976,6.38429118773946
977,6.92252873563218
978,8.67314176245211
979,9.50264367816092
980,6.50344827586207
981,5.42613026819923
982,5.89222222222222
983,9.65141762452107
984,7.13283524904215
985,7.36107279693487
986,7.15984674329502
987,5.65176245210728
988,5.35793103448276
989,5.91938697318008
990,6.7055938697318
991,5.53091954022988
992,5.97107279693487
993,8.09666666666667
994,7.10773946360153
995,9.02183908045977
996,6.4523754789272
997,7.25498084291188
998,7.2316091954023
999,7.3955938697318
1000,5.74157088122605
1001,5.44846743295019
1002,6.25065134099617
1003,5.25540229885057
1004,8.1211877394636
1005,7.7304214559387
1006,5.99214559386973
1007,6.76099616858238
1008,5.9676245210728
1009,5.73337164750958
1010,7.48567049808429
1011,7.2067816091954
1012,5.45842911877395
1013,7.2016091954023
1014,6.74183908045977
1015,5.76858237547893
1016,8.26555555555556
1017,6.48379310344828
1018,6.10199233716475
1019,7.39413793103448
1020,9.40494252873563
1021,8.77827586206897
1022,8.182030651341
1023,5.33854406130268
1024,7.53766283524904
1025,7.51095785440613
1026,6.49111111111111
1027,6.31505747126437
1028,6.23122605363985
1029,5.81555555555556
1030,5.83954022988506
1031,6.06314176245211
1032,7.29475095785441
1033,6.95655172413793
1034,5.78038314176245
1035,5.67616858237548
1036,6.42337164750958
1037,7.02310344827586
1038,9.65114942528736
1039,6.527969348659
1040,7.66157088122605
1041,7.4792337164751
1042,5.88417624521073
1043,6.55455938697318
1044,6.14873563218391
1045,6.46789272030651
1046,9.64283524904214
1047,6.5623754789272
1048,6.21570881226054
1049,6.7448275862069
1050,6.65567049808429
1051,8.67367816091954
1052,5.60620689655172
1053,8.81724137931034
1054,6.89011494252874
1055,5.50176245210728
1056,8.09636015325671
1057,6.40272030651341
1058,9.59747126436782
1059,6.16586206896552
1060,9.46298850574713
1061,6.98586206896552
1062,6.69888888888889
1063,5.89409961685824
1064,5.28195402298851
1065,6.59911877394636
1066,6.86911877394636
1067,7.07919540229885
1068,6.08812260536398
1069,9.45432950191571
1070,7.17724137931034
1071,6.21417624521073
1072,7.18578544061303
1073,5.84340996168582
1074,5.54275862068966
1075,7.70061302681992
1076,6.947969348659
1077,7.00636015325671
1078,5.99605363984674
1079,5.63697318007663
1080,6.11632183908046
1081,6.72030651340996
1082,9.77934865900383
1083,8.44015325670498
1084,6.76302681992337
1085,7.18877394636015
1086,6.38386973180077
1087,7.73739463601533
1088,9.74823754789272
1089,6.58946360153257
1090,5.65034482758621
1091,6.33390804597701
1092,8.48187739463602
1093,6.71789272030651
1094,6.73344827586207
1095,6.53498084291188
1096,9.17310344827586
1097,6.0755938697318
1098,6.36773946360153
1099,5.62747126436782
1100,6.56306513409962
1101,7.37045977011494
1102,8.43593869731801
1103,6.14965517241379
1104,5.30651340996169
1105,7.09896551724138
1106,5.65915708812261
1107,9.6288122605364
1108,5.997969348659
1109,5.5472030651341
1110,6.36406130268199
1111,8.34636015325671
1112,8.84689655172414
1113,5.33624521072797
1114,6.98352490421456
1115,6.15620689655172
1116,10.1870498084291
1117,9.32065134099617
1118,9.20249042145594
1119,6.86114942528736
1120,5.6583908045977
1121,8.10210727969349
1122,6.00425287356322
1123,6.13137931034483
1124,5.92486590038314
1125,9.28647509578544
1126,6.58432950191571
1127,5.40157088122605
1128,6.17662835249042
1129,6.27789272030651
1130,7.09977011494253
1131,6.16318007662835
1132,6.28501915708812
1133,5.49689655172414
1134,6.68471264367816
1135,7.76873563218391
1136,7.34727969348659
1137,6.76743295019157
1138,9.17157088122605
1139,10.1455555555556
1140,6.95869731800766
1141,7.29379310344828
1142,6.99275862068966
1143,7.01287356321839
1144,7.37103448275862
1145,10.0184291187739
1146,5.34245210727969
1147,5.78314176245211
1148,5.56567049808429
1149,9.9083908045977
1150,6.34915708812261
1151,6.35103448275862
1152,7.21275862068966
1153,5.66486590038314
1154,5.39984674329502
1155,5.2667816091954
1156,9.1004214559387
1157,6.9139846743295
1158,5.48597701149425
1159,7.11731800766283
1160,6.32766283524904
1161,6.03593869731801
1162,9.13164750957854
1163,6.90229885057471
1164,6.70195402298851
1165,9.40287356321839
1166,5.59084291187739
1167,7.39172413793103
1168,8.40597701149425
1169,6.53141762452107
1170,5.38528735632184
1171,5.45701149425287
1172,7.15800766283525
1173,7.05061302681992
1174,7.11130268199234
1175,8.66651340996169
1176,7.422030651341
1177,6.36134099616858
1178,9.60498084291188
1179,7.47176245210728
1180,5.89597701149425
1181,7.01084291187739
1182,7.25498084291188
1183,7.09275862068966
1184,5.83478927203065
1185,10.3190038314176
1186,6.91701149425287
1187,6.03659003831418
1188,7.02318007662835
1189,6.50655172413793
1190,6.73455938697318
1191,6.52126436781609
1192,6.05532567049808
1193,9.4588122605364
1194,6.37697318007663
1195,6.46310344827586
1196,5.62793103448276
1197,5.33172413793103
1198,5.61689655172414
1199,7.52659003831418
1200,6.73842911877395
1201,6.28835249042146
1202,9.10356321839081
1203,5.64107279693487
1204,8.91590038314176
1205,6.76072796934866
1206,6.58034482758621
1207,6.8683908045977
1208,7.0748275862069
1209,5.46735632183908
1210,8.14816091954023
1211,5.78333333333333
1212,5.66850574712644
1213,7.66827586206897
1214,6.07019157088123
1215,8.03145593869732
1216,8.61065134099617
1217,5.79126436781609
1218,6.52409961685824
1219,8.95869731800766
1220,5.89988505747126
1221,7.4460153256705
1222,7.26195402298851
1223,6.78011494252874
1224,9.6563601532567
1225,5.49080459770115
1226,6.65114942528736
1227,9.3988122605364
1228,7.05153256704981
1229,9.58988505747126
1230,9.00670498084291
1231,7.2788122605364
1232,8.90590038314176
1233,6.43187739463602
1234,5.68168582375479
1235,5.55758620689655
1236,5.262030651341
1237,6.94659003831418
1238,6.53563218390805
1239,8.40394636015326
1240,6.39045977011494
1241,6.55697318007663
1242,7.05777777777778
1243,6.02793103448276
1244,7.87911877394636
1245,5.69367816091954
1246,5.79892720306513
1247,9.04582375478927
1248,5.81620689655172
1249,8.30463601532567
1250,6.57065134099617
1251,8.00034482758621
1252,5.97950191570881
1253,5.66674329501916
1254,6.68532567049808
1255,7.16264367816092
1256,6.2655938697318
1257,5.98084291187739
1258,5.23095785440613
1259,7.0107662835249
1260,5.40107279693487
1261,8.71137931034483
1262,6.08911877394636
1263,8.26295019157088
1264,9.66019157088123
1265,8.55911877394636
1266,8.63486590038314
1267,9.41793103448276
1268,7.70467432950192
1269,5.75421455938697
1270,7.84578544061303
1271,5.60582375478927
1272,6.65501915708812
1273,7.11436781609195
1274,5.5960153256705
1275,8.54501915708812
1276,6.2272030651341
1277,5.59068965517241
1278,7.52329501915709
1279,6.27551724137931
1280,6.2592337164751
1281,5.63360153256705
1282,8.27969348659004
1283,5.98318007662835
1284,7.07804597701149
1285,5.55206896551724
1286,6.94624521072797
1287,6.32697318007663
1288,5.652030651341
1289,5.44268199233716
1290,8.04452107279693
1291,6.19249042145594
1292,9.36498084291188
1293,8.24436781609195
1294,7.0251724137931
1295,6.11858237547893
1296,7.69743295019157
1297,7.42582375478927
1298,5.82862068965517
1299,5.62022988505747
1300,6.16340996168582
1301,7.09245210727969
1302,5.7464367816092
1303,6.52544061302682
1304,9.12099616858238
1305,7.29800766283525
1306,8.15666666666667
1307,6.75099616858238
1308,7.00452107279694
1309,7.01885057471264
1310,5.55467432950192
1311,6.26547892720307
1312,6.26850574712644
1313,9.60283524904215
1314,7.13659003831418
1315,10.0963984674329
1316,6.92229885057471
1317,6.88896551724138
1318,6.46593869731801
1319,8.55597701149425
1320,7.85808429118774
1321,7.11130268199234
1322,5.80605363984674
1323,6.85789272030651
1324,7.49429118773946
1325,7.17616858237548
1326,5.91639846743295
1327,5.44819923371648
1328,5.53057471264368
1329,7.16333333333333
1330,7.2811877394636
1331,6.83904214559387
1332,7.8360153256705
1333,7.00222222222222
1334,6.24578544061303
1335,8.012030651341
1336,6.14827586206897
1337,7.49724137931034
1338,6.94900383141762
1339,6.76735632183908
1340,8.57486590038314
1341,5.76858237547893
1342,6.61551724137931
1343,7.09210727969349
1344,6.48375478927203
1345,7.89091954022989
1346,7.12329501915709
1347,7.24961685823755
1348,6.14743295019157
1349,6.61153256704981
1350,7.39425287356322
1351,7.04681992337165
1352,8.84613026819923
1353,7.32674329501916
1354,6.49842911877395
1355,9.81727969348659
1356,6.01505747126437
1357,6.00739463601533
1358,5.87099616858238
1359,5.58590038314176
1360,6.78605363984674
1361,7.2176245210728
1362,5.91570881226054
1363,6.11816091954023
1364,6.57333333333333
1365,9.68275862068966
1366,5.98421455938697
1367,7.11965517241379
1368,5.51256704980843
1369,7.13858237547893
1370,9.41444444444445
1371,5.41272030651341
1372,6.20226053639847
1373,7.14827586206897
1374,5.74544061302682
1375,5.78180076628353
1376,10.2496551724138
1377,9.8827969348659
1378,5.54256704980843
1379,5.47570881226054
1380,6.14172413793103
1381,5.69375478927203
1382,6.16348659003831
1383,7.96593869731801
1384,6.61808429118774
1385,6.58394636015326
1386,6.1307662835249
1387,7.25386973180077
1388,7.74379310344828
1389,6.00961685823755
1390,6.37961685823755
1391,6.23195402298851
1392,7.26233716475096
1393,9.4095785440613
1394,5.74528735632184
1395,9.49954022988506
1396,5.9751724137931
1397,5.57724137931034
1398,7.06072796934866
1399,5.61195402298851
1400,5.49670498084291
1401,5.91455938697318
1402,6.57195402298851
1403,5.50432950191571
1404,6.8067816091954
1405,8.23643678160919
1406,7.3076245210728
1407,5.39942528735632
1408,9.2355938697318
1409,5.34578544061303
1410,5.59260536398467
1411,5.44827586206897
1412,6.65157088122605
1413,5.76800766283525
1414,9.04210727969349
1415,9.34333333333333
1416,9.44444444444444
1417,7.5360153256705
1418,6.21804597701149
1419,7.84226053639847
1420,6.63869731800766
1421,5.27459770114943
1422,5.25130268199234
1423,7.06689655172414
1424,7.25114942528736
1425,5.39065134099617
1426,6.08632183908046
1427,7.51310344827586
1428,8.08026819923372
1429,6.22942528735632
1430,7.15900383141762
1431,5.78536398467433
1432,5.68417624521073
1433,7.12218390804598
1434,6.94869731800766
1435,9.31927203065134
1436,6.14555555555556
1437,5.58053639846743
1438,5.68586206896552
1439,6.44704980842912
1440,5.76022988505747
1441,5.55835249042146
1442,7.64942528735632
1443,6.78191570881226
1444,5.71053639846743
1445,5.94731800766283
1446,6.84854406130268
1447,9.63390804597701
1448,8.25555555555556
1449,6.52819923371648
1450,7.95578544061303
1451,7.50268199233716
1452,9.37551724137931
1453,5.76157088122605
1454,5.73501915708812
1455,5.69245210727969
1456,6.86084291187739
1457,6.22283524904215
1458,6.61325670498084
1459,5.927969348659
1460,5.79107279693487
1461,6.78130268199234
1462,6.99743295019157
1463,6.3023754789272
1464,6.56747126436782
1465,6.68383141762452
1466,7.86789272030651
1467,5.51532567049808
1468,7.1655938697318
1469,8.96865900383142
1470,6.14666666666667
1471,6.61467432950192
1472,6.77758620689655
1473,6.45218390804598
1474,6.37586206896552
1475,7.02670498084291
1476,9.61911877394636
1477,6.03616858237548
1478,6.09969348659004
1479,6.30260536398467
1480,6.3636398467433
1481,7.40068965517241
1482,6.31597701149425
1483,8.58318007662835
1484,8.75885057471264
1485,5.38961685823755
1486,6.24199233716475
1487,5.97222222222222
1488,10.0065900383142
1489,6.18183908045977
1490,8.61053639846743
1491,7.01911877394636
1492,5.4960153256705
1493,7.64026819923372
1494,5.98264367816092
1495,6.49394636015326
1496,8.36498084291188
1497,10.0019923371648
1498,6.81068965517241
1499,9.7360153256705
1500,6.32429118773946
1501,9.02532567049808
1502,6.26586206896552
1503,9.72429118773946
1504,5.43421455938697
1505,5.95007662835249
1506,9.71011494252873
1507,9.30605363984674
1508,5.46421455938697
1509,6.05877394636015
1510,6.86233716475096
1511,6.38731800766284
1512,6.67264367816092
1513,6.06084291187739
1514,6.37570881226054
1515,6.67647509578544
1516,6.39574712643678
1517,6.75896551724138
1518,6.91927203065134
1519,6.13295019157088
1520,6.00421455938697
1521,9.91613026819923
1522,8.54858237547893
1523,5.96049808429119
1524,6.75996168582375
1525,7.94383141762452
1526,6.09149425287356
1527,10.0547892720307
1528,7.19226053639847
1529,9.24509578544061
1530,7.27375478927203
1531,10.0568965517241
1532,9.28567049808429
1533,9.44306513409962
1534,5.91743295019157
1535,6.59459770114943
1536,9.43911877394636
1537,5.58513409961686
1538,5.87429118773946
1539,5.45616858237548
1540,9.01003831417625
1541,6.57053639846743
1542,6.15141762452107
1543,5.59812260536398
1544,8.28329501915709
1545,5.27513409961686
1546,6.62402298850575
1547,6.64360153256705
1548,8.99421455938697
1549,9.88931034482759
1550,6.24754789272031
1551,6.88639846743295
1552,5.26766283524904
1553,5.51904214559387
1554,8.45992337164751
1555,9.13716475095785
1556,7.45187739463602
1557,6.94302681992337
1558,6.52498084291188
1559,9.11394636015326
1560,7.12773946360153
1561,5.52210727969349
1562,5.73888888888889
1563,7.79344827586207
1564,7.19674329501916
1565,6.51191570881226
1566,9.81015325670498
1567,9.44486590038314
1568,5.38068965517241
1569,5.65348659003831
1570,7.51226053639847
1571,6.73394636015326
1572,6.31793103448276
1573,5.78065134099617
1574,7.34639846743295
1575,7.27555555555556
1576,9.73122605363985
1577,7.37739463601533
1578,5.69233716475096
1579,6.73180076628353
1580,6.49455938697318
1581,8.24007662835249
1582,9.51954022988506
1583,5.52927203065134
1584,7.18869731800766
1585,7.12141762452107
1586,5.37808429118774
1587,6.37965517241379
1588,6.8695785440613
1589,6.95789272030651
1590,5.22750957854406
1591,8.21478927203065
1592,7.65804597701149
1593,9.01704980842912
1594,6.0792337164751
1595,6.13383141762452
1596,5.53885057471264
1597,5.58858237547893
1598,7.43348659003831
1599,5.91996168582375
1600,6.06183908045977
1601,6.64896551724138
1602,9.2372030651341
1603,6.42674329501916
1604,6.70340996168582
1605,5.44942528735632
1606,6.45103448275862
1607,5.67869731800766
1608,7.13544061302682
1609,7.87436781609195
1610,9.89984674329502
1611,9.62597701149425
1612,6.22655172413793
1613,8.04885057471264
1614,6.56544061302682
1615,6.65712643678161
1616,5.90628352490421
1617,5.73770114942529
1618,5.79781609195402
1619,7.29099616858238
1620,6.07704980842912
1621,6.77754789272031
1622,6.37973180076628
1623,6.67314176245211
1624,5.59651340996169
1625,6.78574712643678
1626,6.00486590038314
1627,9.95367816091954
1628,5.73149425287356
1629,7.82417624521073
1630,5.46191570881226
1631,5.50019157088123
1632,7.037969348659
1633,6.44946360153257
1634,6.20030651340996
1635,7.2116091954023
1636,6.11555555555556
1637,5.80252873563218
1638,6.45961685823755
1639,5.42413793103448
1640,6.26655172413793
1641,6.90249042145594
1642,6.19260536398467
1643,5.80417624521073
1644,7.11816091954023
1645,7.02812260536398
1646,8.65540229885057
1647,5.96900383141762
1648,7.85831417624521
1649,6.37229885057471
1650,6.01241379310345
1651,8.08988505747126
1652,6.15390804597701
1653,10.1870498084291
1654,7.33463601532567
1655,6.40103448275862
1656,5.80574712643678
1657,6.06659003831418
1658,6.83111111111111
1659,5.47950191570881
1660,5.28061302681992
1661,6.53406130268199
1662,6.54498084291188
1663,8.11210727969349
1664,9.70103448275862
1665,6.48766283524904
1666,8.53613026819923
1667,6.58011494252874
1668,6.72766283524904
1669,5.88413793103448
1670,8.61421455938697
1671,6.32911877394636
1672,8.27900383141762
1673,5.39816091954023
1674,5.85218390804598
1675,5.59942528735632
1676,8.14226053639847
1677,6.88337164750958
1678,5.50563218390805
1679,6.71137931034483
1680,6.59988505747126
1681,8.48727969348659
1682,5.41065134099617
1683,5.31007662835249
1684,5.25536398467433
1685,6.09885057471264
1686,10.0939463601533
1687,8.11111111111111
1688,6.44977011494253
1689,6.29302681992337
1690,6.28072796934866
1691,6.89478927203065
1692,9.59674329501916
1693,6.14862068965517
1694,7.99567049808429
1695,5.8260153256705
1696,7.41011494252874
1697,5.75632183908046
1698,6.95141762452107
1699,8.29490421455939
1700,6.49605363984674
1701,6.87314176245211
1702,7.95226053639847
1703,6.06578544061303
1704,8.19547892720307
1705,6.28218390804598
1706,6.28789272030651
1707,7.38505747126437
1708,6.00727969348659
1709,6.37
1710,7.8923754789272
1711,5.47486590038314
1712,6.48670498084291
1713,8.81800766283525
1714,6.41114942528736
1715,6.5339846743295
1716,6.46689655172414
1717,7.00298850574713
1718,8.85524904214559
1719,5.46724137931034
1720,5.91513409961686
1721,6.03176245210728
1722,6.89310344827586
1723,5.68704980842912
1724,9.84413793103448
1725,6.14199233716475
1726,7.95068965517241
1727,9.46417624521073
1728,6.20632183908046
1729,6.52919540229885
1730,7.17620689655172
1731,6.33777777777778
1732,7.12007662835249
1733,6.51869731800766
1734,8.04850574712644
1735,6.92747126436782
1736,8.14567049808429
1737,6.21019157088123
1738,6.95724137931034
1739,6.25007662835249
1740,7.31808429118774
1741,7.26406130268199
1742,6.34310344827586
1743,5.88114942528736
1744,7.40927203065134
1745,5.90934865900383
1746,7.81616858237548
1747,6.0816091954023
1748,7.1748275862069
1749,5.81896551724138
1750,6.75892720306513
1751,5.71065134099617
1752,6.44195402298851
1753,7.48019157088123
1754,5.41026819923372
1755,8.63436781609195
1756,5.58363984674329
1757,7.31333333333333
1758,7.06045977011494
1759,5.54233716475096
1760,9.30858237547893
1761,6.32773946360153
1762,5.68352490421456
1763,7.29743295019157
1764,5.7311877394636
1765,6.49708812260536
1766,8.29210727969349
1767,6.97528735632184
1768,6.66065134099617
1769,5.57467432950192
1770,6.39938697318008
1771,7.32988505747126
1772,10.2081992337165
1773,5.48544061302682
1774,5.21429118773946
1775,9.33773946360153
1776,7.09609195402299
1777,5.30498084291188
1778,7.50674329501916
1779,9.01260536398467
1780,6.93704980842912
1781,7.09463601532567
1782,6.80141762452107
1783,6.41287356321839
1784,6.16704980842912
1785,5.67827586206897
1786,5.5560153256705
1787,5.49015325670498
1788,7.83977011494253
1789,6.30969348659004
1790,8.40747126436782
1791,10.2004214559387
1792,6.20176245210728
1793,7.11490421455939
1794,6.33823754789272
1795,5.76099616858238
1796,6.95563218390805
1797,6.92233716475096
1798,7.50689655172414
1799,6.02547892720307
1800,5.47858237547893
1801,5.87613026819923
1802,10.0607662835249
1803,6.13647509578544
1804,7.06992337164751
1805,8.51973180076628
1806,7.12674329501916
1807,6.83390804597701
1808,8.1811877394636
1809,7.22448275862069
1810,9.4123754789272
1811,5.55229885057471
1812,5.83283524904215
1813,7.47260536398467
1814,6.32386973180077
1815,8.82555555555555
1816,5.89386973180077
1817,6.83739463601533
1818,6.72053639846743
1819,6.08865900383142
1820,5.5632183908046
1821,5.97367816091954
1822,6.58781609195402
1823,9.88007662835249
1824,6.16264367816092
1825,9.26590038314176
1826,6.33095785440613
1827,7.09145593869732
1828,6.3883908045977
1829,5.56885057471264
1830,5.64448275862069
1831,5.61996168582376
1832,5.2616091954023
1833,6.05003831417624
1834,8.85498084291188
1835,6.90111111111111
1836,5.6955938697318
1837,9.4504214559387
1838,7.41789272030651
1839,6.1255938697318
1840,6.86739463601533
1841,5.65896551724138
1842,5.85651340996169
1843,5.60475095785441
1844,10.4026436781609
1845,7.4532183908046
1846,6.78934865900383
1847,9.40065134099617
1848,7.80260536398467
1849,9.09616858237548
1850,6.86954022988506
1851,7.00735632183908
1852,6.79750957854406
1853,6.83616858237548
1854,6.192030651341
1855,6.43256704980843
1856,8.71670498084291
1857,8.89731800766284
1858,8.86750957854406
1859,5.55260536398467
1860,6.60111111111111
1861,6.86226053639847
1862,6.18264367816092
1863,6.76314176245211
1864,9.44946360153257
1865,7.57819923371648
1866,5.70180076628353
1867,6.29080459770115
1868,8.70436781609195
1869,8.92563218390805
1870,5.95448275862069
1871,8.72563218390805
1872,5.69038314176245
1873,9.61789272030651
1874,6.07252873563218
1875,6.61091954022988
1876,6.95586206896552
1877,9.13226053639847
1878,7.96122605363985
1879,8.98758620689655
1880,9.3276245210728
1881,7.18057471264368
1882,9.8727969348659
1883,6.72555555555556
1884,6.83463601532567
1885,6.05827586206897
1886,9.8027969348659
1887,7.42049808429119
1888,5.4155938697318
1889,9.79662835249042
1890,6.13206896551724
1891,5.98007662835249
1892,6.46065134099617
1893,5.91842911877395
1894,6.44793103448276
1895,6.5832183908046
1896,7.85808429118774
1897,5.41662835249042
1898,6.8592337164751
1899,9.49383141762452
1900,6.23233716475096
1901,9.58808429118774
1902,5.46770114942529
1903,7.45298850574713
1904,7.31260536398467
1905,7.19
1906,9.01026819923372
1907,5.5404214559387
1908,5.46019157088123
1909,5.76137931034483
1910,7.17026819923372
1911,5.62835249042146
1912,6.56544061302682
1913,7.00486590038314
1914,5.70938697318008
1915,7.42735632183908
1916,7.48605363984674
1917,6.34103448275862
1918,5.84961685823755
1919,8.40540229885057
1920,9.25980842911877
1921,6.27099616858238
1922,7.41191570881226
1923,7.03471264367816
1924,9.70701149425287
1925,6.65256704980843
1926,6.08693486590038
1927,6.63061302681992
1928,8.32157088122605
1929,6.92256704980843
1930,6.63049808429119
1931,8.12528735632184
1932,7.37099616858238
1933,9.32375478927203
1934,8.80153256704981
1935,6.81340996168582
1936,6.4592337164751
1937,5.9495785440613
1938,8.79505747126437
1939,5.69605363984674
1940,5.52264367816092
1941,6.01842911877395
1942,8.82655172413793
1943,9.44103448275862
1944,7.29260536398467
1945,7.042030651341
1946,7.08812260536398
1947,6.49061302681992
1948,7.22
1949,5.7292337164751
1950,6.46199233716475
1951,6.66084291187739
1952,6.71153256704981
1953,6.18911877394636
1954,7.1491570881226
1955,5.44804597701149
1956,9.45636015325671
1957,6.08869731800766
1958,7.9951724137931
1959,5.63747126436782
1960,7.78436781609195
1961,6.88505747126437
1962,5.5336398467433
1963,9.77570881226054
1964,5.70869731800766
1965,7.12287356321839
1966,9.61747126436782
1967,6.79471264367816
1968,6.72268199233717
1969,6.48134099616858
1970,6.33268199233716
1971,7.54287356321839
1972,6.24344827586207
1973,6.87593869731801
1974,5.33708812260536
1975,7.59977011494253
1976,8.6655938697318
1977,7.26547892720307
1978,6.96295019157088
1979,9.04432950191571
1980,6.44038314176245
1981,5.26275862068966
1982,6.99674329501916
1983,6.82
1984,6.72436781609195
1985,6.27195402298851
1986,5.90586206896552
1987,5.63647509578544
1988,7.15896551724138
1989,8.18659003831418
1990,5.93226053639847
1991,10.2146743295019
1992,7.75344827586207
1993,6.85329501915709
1994,6.94505747126437
1995,5.80973180076628
1996,7.40977011494253
1997,6.67505747126437
1998,7.07402298850575
1999,7.37892720306513
2000,6.16494252873563
2001,6.09011494252874
2002,5.41459770114943
2003,5.94015325670498
2004,8.84498084291188
2005,7.18260536398467
2006,6.19551724137931
2007,6.12908045977012
2008,9.9023754789272
2009,9.74153256704981
2010,6.95390804597701
2011,9.58996168582375
2012,6.26038314176245
2013,5.70363984674329
2014,9.42141762452107
2015,7.24114942528736
2016,6.61505747126437
2017,5.55727969348659
2018,5.5127969348659
2019,7.0307662835249
2020,9.79114942528736
2021,5.85513409961686
2022,6.14145593869732
2023,5.53628352490421
2024,6.53057471264368
2025,6.55532567049808
2026,6.32659003831418
2027,5.59402298850575
2028,9.30011494252873
2029,5.78367816091954
2030,6.6060153256705
2031,6.10486590038314
2032,6.82444444444444
2033,5.74233716475096
2034,6.57432950191571
2035,7.42375478927203
2036,6.52011494252874
2037,6.37681992337165
2038,9.95199233716475
2039,5.77241379310345
2040,10.0246743295019
2041,6.10662835249042
2042,8.44609195402299
2043,7.26567049808429
2044,6.51808429118774
2045,7.5027969348659
2046,6.54655172413793
2047,6.44145593869732
2048,6.3204214559387
2049,6.32965517241379
2050,6.13984674329502
2051,7.45528735632184
2052,6.80869731800766
2053,6.14877394636015
2054,6.87153256704981
2055,9.08486590038314
2056,6.66122605363985
2057,6.96873563218391
2058,9.48735632183908
2059,6.44053639846743
2060,6.85620689655172
2061,7.22095785440613
2062,6.89892720306513
2063,6.06463601532567
2064,5.79980842911877
2065,6.70210727969349
2066,6.60911877394636
2067,7.88455938697318
2068,5.89034482758621
2069,6.16885057471264
2070,9.70934865900383
2071,5.16781609195402
2072,7.94494252873563
2073,8.83
2074,5.29180076628352
2075,5.46088122605364
2076,7.35992337164751
2077,6.62191570881226
2078,6.65540229885057
2079,6.32494252873563
2080,6.42793103448276
2081,6.56057471264368
2082,6.71766283524904
2083,7.96126436781609
2084,5.79210727969349
2085,5.17540229885057
2086,5.84210727969349
2087,5.35386973180077
2088,7.12877394636015
2089,5.9044061302682
2090,5.70157088122605
2091,7.04662835249042
2092,7.89950191570881
2093,6.68770114942529
2094,7.74241379310345
2095,7.02337164750958
2096,5.59685823754789
2097,6.5244061302682
2098,7.11275862068966
2099,8.41877394636015
2100,8.4344061302682
2101,9.07854406130268
2102,8.25501915708812
2103,5.73478927203065
2104,5.54850574712644
2105,7.66218390804598
2106,6.74406130268199
2107,6.83965517241379
2108,8.03421455938697
2109,6.65793103448276
2110,6.90095785440613
2111,5.97532567049808
2112,5.94540229885058
2113,5.53551724137931
2114,5.33766283524904
2115,7.38846743295019
2116,7.98996168582376
2117,5.50122605363985
2118,6.37735632183908
2119,5.51770114942529
2120,6.16375478927203
2121,10.4345977011494
2122,9.98287356321839
2123,6.73149425287356
2124,8.00727969348659
2125,7.80651340996169
2126,9.30383141762452
2127,8.55586206896552
2128,6.97218390804598
2129,6.11513409961686
2130,8.08977011494253
2131,9.8251724137931
2132,6.15283524904215
2133,5.92681992337165
2134,9.70164750957854
2135,6.81567049808429
2136,6.6404214559387
2137,9.85934865900383
2138,8.83888888888889
2139,5.6239846743295
2140,9.83528735632184
2141,5.25245210727969
2142,8.60375478927203
2143,6.34505747126437
2144,8.58785440613027
2145,7.52256704980843
2146,5.85862068965517
2147,7.27896551724138
2148,6.1139846743295
2149,5.42911877394636
2150,7.59628352490421
2151,5.28130268199234
2152,5.85934865900383
2153,6.81827586206897
2154,5.74149425287356
2155,5.96555555555556
2156,7.14563218390805
2157,7.15812260536398
2158,9.52099616858237
2159,8.70846743295019
2160,9.36540229885057
2161,9.20996168582375
2162,5.61011494252874
2163,9.17210727969349
2164,7.3176245210728
2165,8.01620689655172
2166,5.47306513409962
2167,9.15210727969349
2168,5.86727969348659
2169,7.38306513409962
2170,6.52226053639847
2171,6.70770114942529
2172,5.5163601532567
2173,6.9248275862069
2174,8.99816091954023
2175,8.78996168582376
2176,5.95490421455939
2177,6.73490421455939
2178,5.42268199233716
2179,7.6435632183908
2180,5.53145593869732
2181,5.55015325670498
2182,6.69429118773946
2183,6.60804597701149
2184,6.51800766283525
2185,7.36038314176245
2186,6.32770114942529
2187,6.59149425287356
2188,8.08386973180077
2189,9.74425287356322
2190,5.81704980842912
2191,5.93325670498084
2192,6.43463601532567
2193,7.14436781609195
2194,8.44685823754789
2195,5.86268199233716
2196,7.3007662835249
2197,6.222030651341
2198,9.71850574712644
2199,9.17582375478927
2200,6.61490421455939
2201,9.76980842911877
2202,9.39524904214559
2203,6.97352490421456
2204,9.83842911877395
2205,5.96302681992337
2206,6.46310344827586
2207,8.21613026819923
2208,8.68432950191571
2209,9.60371647509579
2210,8.81632183908046
2211,5.59620689655172
2212,5.37819923371648
2213,5.98333333333333
2214,6.49536398467433
2215,6.96068965517241
2216,7.47528735632184
2217,6.32973180076628
2218,5.42218390804598
2219,6.59038314176245
2220,7.88689655172414
2221,5.74616858237548
2222,9.55701149425287
2223,6.74827586206897
2224,8.85858237547893
2225,6.63295019157088
2226,6.77444444444444
2227,6.62965517241379
2228,7.0983908045977
2229,7.51149425287356
2230,6.74425287356322
2231,5.47187739463602
2232,6.7539846743295
2233,7.10490421455939
2234,6.33850574712644
2235,7.01172413793103
2236,5.79662835249042
2237,5.63712643678161
2238,9.1755938697318
2239,6.76241379310345
2240,5.70931034482759
2241,9.61616858237548
2242,5.75555555555556
2243,5.87758620689655
2244,5.89065134099617
2245,8.7392337164751
2246,6.32620689655172
2247,9.66314176245211
2248,5.98252873563218
2249,9.68574712643678
2250,9.5944061302682
2251,6.48877394636015
2252,6.65475095785441
2253,7.31187739463602
2254,6.11436781609195
2255,5.83241379310345
2256,6.0292337164751
2257,6.24015325670498
2258,5.71088122605364
2259,6.14896551724138
2260,6.44835249042146
2261,6.39992337164751
2262,5.4232183908046
2263,6.72816091954023
2264,6.87298850574713
2265,5.65233716475096
2266,6.75942528735632
2267,6.03406130268199
2268,5.42555555555556
2269,5.97045977011494
2270,6.85172413793103
2271,7.61222222222222
2272,5.75310344827586
2273,7.85605363984674
2274,6.86716475095785
2275,9.23084291187739
2276,6.31153256704981
2277,5.39980842911877
2278,9.96306513409962
2279,6.95965517241379
2280,9.63306513409962
2281,6.77287356321839
2282,5.5244061302682
2283,6.33486590038314
2284,5.64655172413793
2285,6.24452107279693
2286,5.59666666666667
2287,7.87436781609195
2288,6.55272030651341
2289,6.14463601532567
2290,5.89827586206897
2291,7.3216091954023
2292,6.41842911877395
2293,6.54107279693487
2294,5.73513409961686
2295,7.06199233716475
2296,7.00973180076628
2297,9.50164750957854
2298,5.56130268199234
2299,8.99524904214559
2300,9.65467432950192
2301,6.0944061302682
2302,7.2692337164751
2303,5.58164750957854
2304,6.65084291187739
2305,5.2251724137931
2306,7.26800766283525
2307,5.52344827586207
2308,10.0127969348659
2309,7.74425287356322
2310,5.62061302681992
2311,7.85022988505747
2312,5.73406130268199
2313,7.32524904214559
2314,6.61651340996169
2315,8.1911877394636
2316,7.11931034482759
2317,6.83655172413793
2318,6.60750957854406
2319,6.46111111111111
2320,6.42195402298851
2321,5.95659003831418
2322,5.66544061302682
2323,8.67969348659004
2324,5.99444444444444
2325,7.11727969348659
2326,6.90429118773946
2327,6.25130268199234
2328,6.48099616858238
2329,5.5744061302682
2330,5.2927969348659
2331,6.69329501915709
2332,6.51314176245211
2333,6.57452107279693
2334,6.62180076628352
2335,7.35536398467433
2336,8.45704980842912
2337,6.81371647509579
2338,6.21095785440613
2339,8.52379310344828
2340,5.83992337164751
2341,8.21241379310345
2342,5.53681992337165
2343,5.70681992337165
2344,5.2155938697318
2345,5.9355938697318
2346,6.32570881226054
2347,6.39685823754789
2348,5.76578544061303
2349,7.65743295019157
2350,8.2295785440613
2351,8.35206896551724
2352,5.66352490421456
2353,8.07394636015326
2354,5.85249042145594
2355,8.15724137931034
2356,7.30793103448276
2357,6.33226053639847
2358,10.3702298850575
2359,5.23003831417625
2360,6.79555555555556
2361,5.69
2362,5.43065134099617
2363,6.68896551724138
2364,6.71954022988506
2365,7.26394636015326
2366,7.35555555555556
2367,5.34337164750958
2368,5.96984674329502
2369,6.7207662835249
2370,5.45659003831418
2371,7.50149425287356
2372,5.99685823754789
2373,6.84938697318008
2374,8.93842911877395
2375,5.37950191570881
2376,7.03739463601533
2377,8.07122605363985
2378,7.55904214559387
2379,6.50712643678161
2380,10.1283141762452
2381,8.0367816091954
2382,6.73540229885058
2383,5.65896551724138
2384,9.82942528735632
2385,6.84091954022989
2386,7.38091954022989
2387,5.35164750957854
2388,5.92712643678161
2389,6.85544061302682
2390,7.02693486590038
2391,5.83379310344828
2392,6.93862068965517
2393,5.36053639846743
2394,7.75218390804598
2395,7.36318007662835
2396,5.75214559386973
2397,6.66478927203065
2398,6.76831417624521
2399,7.58877394636015
2400,6.69498084291188
2401,9.91459770114943
2402,5.55919540229885
2403,6.10831417624521
2404,6.87869731800766
2405,9.14091954022988
2406,7.05011494252874
2407,5.98900383141762
2408,5.92310344827586
2409,9.72513409961686
2410,7.14191570881226
2411,8.81616858237548
2412,5.55268199233717
2413,7.7755938697318
2414,7.13114942528736
2415,6.84927203065134
2416,7.17444444444444
2417,9.16524904214559
2418,6.57030651340996
2419,6.54176245210728
2420,6.74425287356322
2421,7.32283524904215
2422,5.50386973180077
2423,7.24406130268199
2424,5.81402298850575
2425,6.65325670498084
2426,8.26130268199234
2427,7.85770114942529
2428,7.38639846743295
2429,7.08137931034483
2430,6.0492337164751
2431,6.18540229885057
2432,6.93954022988506
2433,5.7672030651341
2434,5.74306513409962
2435,5.78996168582376
2436,5.96375478927203
2437,7.152030651341
2438,5.78739463601533
2439,6.20689655172414
2440,6.48141762452107
2441,6.75567049808429
2442,9.29766283524904
2443,5.57632183908046
2444,6.69390804597701
2445,6.5332183908046
2446,6.34731800766284
2447,6.68310344827586
2448,9.04272030651341
2449,9.84850574712644
2450,6.54459770114943
2451,5.52781609195402
2452,6.0311877394636
2453,9.51187739463601
2454,7.00256704980843
2455,7.02444444444444
2456,7.31827586206897
2457,5.41965517241379
2458,5.48624521072797
2459,6.24942528735632
2460,7.14900383141762
2461,5.88827586206897
2462,5.97444444444444
2463,8.06421455938697
2464,7.44712643678161
2465,9.02766283524904
2466,6.73467432950192
2467,7.11371647509579
2468,7.77927203065134
2469,6.95333333333333
2470,5.43371647509579
2471,5.65490421455939
2472,5.86942528735632
2473,5.31900383141762
2474,8.17609195402299
2475,7.44505747126437
2476,5.98659003831418
2477,6.66417624521073
2478,6.18662835249042
2479,5.54329501915709
2480,7.53053639846743
2481,7.26314176245211
2482,5.42015325670498
2483,6.72977011494253
2484,6.71716475095785
2485,5.72793103448276
2486,8.31137931034483
2487,6.55494252873563
2488,5.98425287356322
2489,7.19111111111111
2490,8.99854406130268
2491,8.55750957854406
2492,8.25551724137931
2493,5.61689655172414
2494,7.92471264367816
2495,7.10406130268199
2496,6.65348659003831
2497,6.1676245210728
2498,6.12743295019157
2499,6.07804597701149
2500,6.0188122605364
2501,6.2404214559387
2502,6.80659003831418
2503,6.98145593869732
2504,5.69789272030651
2505,5.48394636015326
2506,6.54931034482759
2507,6.82478927203065
2508,9.45467432950192
2509,6.37869731800766
2510,7.94977011494253
2511,7.22597701149425
2512,6.18049808429119
2513,6.78298850574713
2514,6.16927203065134
2515,6.78616858237548
2516,9.61509578544061
2517,6.42413793103448
2518,6.12597701149425
2519,6.57544061302682
2520,7.08666666666667
2521,8.84521072796935
2522,5.55379310344828
2523,9.02586206896552
2524,6.69563218390805
2525,5.6008429118774
2526,8.17455938697318
2527,6.23421455938697
2528,9.86348659003832
2529,6.54704980842912
2530,9.59478927203065
2531,7.16210727969349
2532,6.66486590038314
2533,5.94904214559387
2534,5.48283524904215
2535,6.53091954022988
2536,6.91846743295019
2537,7.57919540229885
2538,5.88904214559387
2539,9.66766283524904
2540,6.88383141762452
2541,6.16885057471264
2542,7.23111111111111
2543,5.46766283524904
2544,5.33946360153257
2545,7.54490421455939
2546,7.25352490421456
2547,6.9427969348659
2548,5.78409961685824
2549,5.36038314176245
2550,6.45766283524904
2551,7.15367816091954
2552,9.7439846743295
2553,8.36919540229885
2554,6.99862068965517
2555,7.16486590038314
2556,6.5604214559387
2557,7.66973180076628
2558,9.75026819923372
2559,6.48712643678161
2560,5.78570881226054
2561,5.94770114942529
2562,8.59291187739464
2563,6.72072796934866
2564,6.69034482758621
2565,6.29168582375479
2566,9.04022988505747
2567,6.34095785440613
2568,6.61827586206897
2569,5.70992337164751
2570,6.53478927203065
2571,7.61632183908046
2572,8.61371647509579
2573,5.9255938697318
2574,5.67444444444444
2575,7.25095785440613
2576,5.80586206896552
2577,9.62145593869732
2578,6.3476245210728
2579,5.53233716475096
2580,6.83628352490421
2581,8.31869731800766
2582,8.60153256704981
2583,5.44429118773946
2584,7.02827586206897
2585,6.53379310344828
2586,9.84846743295019
2587,8.89670498084291
2588,9.20214559386973
2589,7.00310344827586
2590,5.77758620689655
2591,7.83659003831418
2592,5.73624521072797
2593,5.96306513409962
2594,5.84873563218391
2595,9.10773946360153
2596,6.51823754789272
2597,5.33168582375479
2598,6.21731800766284
2599,5.90965517241379
2600,6.8895785440613
2601,5.89505747126437
2602,6.29846743295019
2603,5.61628352490421
2604,6.43727969348659
2605,8.0967816091954
2606,7.00425287356322
2607,6.82176245210728
2608,9.31831417624521
2609,9.72685823754789
2610,6.94126436781609
2611,7.01199233716475
2612,6.60195402298851
2613,7.34030651340996
2614,7.48034482758621
2615,10.0142528735632
2616,5.68007662835249
2617,5.88793103448276
2618,5.36318007662835
2619,9.2211877394636
2620,6.37770114942529
2621,6.15858237547893
2622,6.88314176245211
2623,5.73011494252874
2624,5.5939846743295
2625,5.61689655172414
2626,8.97643678160919
2627,7.02681992337165
2628,5.58708812260536
2629,7.2832183908046
2630,6.65003831417625
2631,6.0564367816092
2632,8.91701149425287
2633,6.98490421455939
2634,6.40532567049808
2635,9.6748275862069
2636,5.99187739463602
2637,7.22249042145594
2638,8.25865900383142
2639,6.46532567049808
2640,5.75835249042146
2641,5.28908045977011
2642,7.37164750957854
2643,7.07149425287356
2644,7.31685823754789
2645,8.62406130268199
2646,7.13819923371647
2647,6.34229885057471
2648,10.1500766283525
2649,7.29739463601533
2650,5.46823754789272
2651,7.10394636015326
2652,6.8704214559387
2653,7.1355938697318
2654,5.93509578544061
2655,9.70996168582375
2656,6.67126436781609
2657,6.16015325670498
2658,7.06452107279693
2659,6.51183908045977
2660,7.13371647509579
2661,6.45885057471264
2662,6.08218390804598
2663,9.68260536398467
2664,6.46363984674329
2665,6.47996168582375
2666,5.79080459770115
2667,5.43
2668,5.54969348659004
2669,7.86712643678161
2670,6.61513409961686
2671,6.02724137931034
2672,8.93218390804598
2673,5.29632183908046
2674,8.60394636015326
2675,6.69095785440613
2676,6.53777777777778
2677,6.57187739463602
2678,7.19590038314176
2679,5.59781609195402
2680,8.51272030651341
2681,5.75206896551724
2682,5.72659003831418
2683,7.80383141762452
2684,5.85068965517241
2685,7.51582375478927
2686,8.42344827586207
2687,5.92214559386973
2688,6.58011494252874
2689,9.12950191570881
2690,5.73463601532567
2691,7.37766283524904
2692,6.80183908045977
2693,6.77961685823755
2694,9.53716475095785
2695,5.80145593869732
2696,6.74639846743295
2697,9.78908045977012
2698,7.02877394636015
2699,9.55226053639847
2700,9.33716475095785
2701,7.30731800766284
2702,8.82685823754789
2703,6.21444444444444
2704,5.67862068965517
2705,5.72187739463602
2706,5.29314176245211
2707,7.30927203065134
2708,6.92501915708812
2709,8.83712643678161
2710,6.1723754789272
2711,6.4695785440613
2712,7.27773946360153
2713,5.89168582375479
2714,7.74911877394636
2715,5.65344827586207
2716,5.91766283524904
2717,8.98452107279694
2718,6.07597701149425
2719,8.14444444444444
2720,6.42363984674329
2721,8.04636015325671
2722,5.94191570881226
2723,5.64168582375479
2724,6.94977011494253
2725,7.13931034482759
2726,5.99471264367816
2727,6.34360153256705
2728,5.50061302681992
2729,7.00413793103448
2730,5.36080459770115
2731,8.22708812260536
2732,6.31003831417625
2733,8.34593869731801
2734,9.85371647509579
2735,8.52758620689655
2736,8.50295019157088
2737,9.3723754789272
2738,7.71904214559387
2739,5.70823754789272
2740,8.25823754789272
2741,5.28804597701149
2742,6.64582375478927
2743,7.27340996168582
2744,5.40275862068966
2745,8.94471264367816
2746,6.34793103448276
2747,5.47513409961686
2748,7.15337164750958
2749,6.63141762452107
2750,6.17386973180077
2751,5.43
2752,8.15927203065134
2753,6.15712643678161
2754,7.22988505747126
2755,5.77716475095785
2756,6.7548275862069
2757,6.50371647509579
2758,5.68233716475096
2759,5.25003831417625
2760,7.84582375478927
2761,5.7583908045977
2762,9.18777777777778
2763,8.13704980842912
2764,7.02570881226054
2765,5.84333333333333
2766,8.09141762452107
2767,6.93103448275862
2768,5.72340996168582
2769,5.93486590038314
2770,6.19379310344828
2771,7.02835249042146
2772,5.59325670498084
2773,6.79835249042146
2774,9.56578544061303
2775,7.217969348659
2776,8.44187739463602
2777,6.54249042145594
2778,6.89800766283525
2779,7.06486590038314
2780,5.27302681992337
2781,6.64072796934866
2782,6.16927203065134
2783,9.52846743295019
2784,7.00130268199234
2785,9.57501915708812
2786,7.06590038314176
2787,6.93034482758621
2788,6.47586206896552
2789,9.09896551724138
2790,7.78045977011494
2791,6.78685823754789
2792,5.56214559386973
2793,6.93049808429119
2794,7.28521072796935
2795,7.20911877394636
2796,5.78030651340996
2797,5.23544061302682
2798,5.45708812260536
2799,6.9244061302682
2800,7.53448275862069
2801,6.67195402298851
2802,8.10275862068966
2803,7.18352490421456
2804,5.96214559386973
2805,8.14107279693487
2806,6.07513409961686
2807,7.49555555555556
2808,6.74214559386973
2809,6.90003831417625
2810,8.61724137931034
2811,5.66222222222222
2812,6.47988505747126
2813,7.50030651340996
2814,6.21574712643678
2815,7.71130268199234
2816,7.53088122605364
2817,7.06402298850575
2818,6.37597701149425
2819,6.55973180076628
2820,7.17348659003831
2821,7.18869731800766
2822,8.80053639846743
2823,7.3388122605364
2824,6.6432183908046
2825,9.14743295019157
2826,6.23229885057471
2827,5.7435632183908
2828,5.88180076628352
2829,5.76547892720307
2830,6.5563601532567
2831,7.19965517241379
2832,5.84789272030651
2833,6.35015325670498
2834,6.6251724137931
2835,9.84367816091954
2836,6.34555555555556
2837,7.35019157088123
2838,5.62632183908046
2839,6.62471264367816
2840,9.15287356321839
2841,5.43455938697318
2842,6.13804597701149
2843,7.14291187739464
2844,5.53704980842912
2845,5.79360153256705
2846,9.80252873563218
2847,9.96249042145594
2848,5.79360153256705
2849,5.49647509578544
2850,6.30628352490421
2851,5.8451724137931
2852,6.05455938697318
2853,8.17229885057471
2854,6.59302681992337
2855,6.7176245210728
2856,6.33183908045977
2857,7.52494252873563
2858,7.69486590038314
2859,6.32091954022988
2860,6.61800766283525
2861,6.06950191570881
2862,7.20478927203065
2863,9.57371647509579
2864,5.47088122605364
2865,9.05287356321839
2866,5.94789272030651
2867,5.52187739463602
2868,6.9027969348659
2869,5.48084291187739
2870,5.65022988505747
2871,6.21877394636015
2872,6.87348659003831
2873,5.42597701149425
2874,7.06681992337165
2875,8.20639846743295
2876,7.09275862068966
2877,5.63743295019157
2878,9.15681992337165
2879,5.43793103448276
2880,5.85298850574713
2881,5.43053639846743
2882,6.53034482758621
2883,5.97141762452107
2884,9.00471264367816
2885,9.54708812260536
2886,9.76287356321839
2887,7.40287356321839
2888,6.12394636015326
2889,7.4851724137931
2890,6.64371647509579
2891,5.4764367816092
2892,5.44252873563218
2893,7.29026819923372
2894,7.22547892720307
2895,5.40475095785441
2896,6.12459770114943
2897,7.73544061302682
2898,8.21088122605364
2899,6.41429118773946
2900,7.1160153256705
2901,6.17996168582375
2902,5.83478927203065
2903,6.95099616858238
2904,6.87551724137931
2905,8.99022988505747
2906,6.16371647509579
2907,5.56011494252874
2908,5.61927203065134
2909,6.15992337164751
2910,5.78057471264368
2911,5.4327969348659
2912,7.72532567049808
2913,6.56570881226054
2914,5.71532567049808
2915,6.02919540229885
2916,7.18241379310345
2917,9.60597701149425
2918,8.49674329501916
2919,6.55662835249042
2920,7.75521072796935
2921,7.40544061302682
2922,9.12942528735632
2923,5.81022988505747
2924,5.6160153256705
2925,5.53168582375479
2926,6.70007662835249
2927,6.17168582375479
2928,6.81946360153257
2929,5.85352490421456
2930,5.97674329501916
2931,7.12812260536399
2932,7.1763601532567
2933,6.31528735632184
2934,6.58620689655172
2935,6.79812260536398
2936,7.47057471264368
2937,5.26655172413793
2938,7.12724137931034
2939,8.84022988505747
2940,6.56053639846743
2941,6.56743295019157
2942,6.99452107279693
2943,6.39490421455939
2944,6.41885057471264
2945,7.21563218390805
2946,9.86291187739464
2947,6.23513409961686
2948,5.87570881226054
2949,6.72835249042146
2950,6.5691570881226
2951,7.82988505747126
2952,6.39475095785441
2953,8.52590038314176
2954,8.80904214559387
2955,5.25352490421456
2956,6.11088122605364
2957,5.86164750957854
2958,10.3695785440613
2959,6.3035632183908
2960,8.76057471264368
2961,6.85310344827586
2962,5.24509578544061
2963,7.29371647509579
2964,5.92659003831418
2965,6.17816091954023
2966,8.24800766283525
2967,10.2025670498084
2968,6.67789272030651
2969,9.83869731800766
2970,6.13180076628352
2971,9.47643678160919
2972,6.00739463601533
2973,9.30306513409962
2974,5.62946360153257
2975,6.11325670498084
2976,9.21034482758621
2977,9.10701149425287
2978,5.27065134099617
2979,5.99245210727969
2980,7.10681992337165
2981,6.4723754789272
2982,6.93605363984674
2983,6.31513409961686
2984,6.33249042145594
2985,6.53961685823755
2986,6.65850574712644
2987,7.16337164750958
2988,6.92697318007663
2989,6.34072796934866
2990,5.96126436781609
2991,10.1048275862069
2992,8.15927203065134
2993,6.27808429118774
2994,6.51647509578544
2995,7.9555938697318
2996,6.24505747126437
2997,10.07030651341
2998,6.79750957854406
2999,9.07310344827586
3000,6.97386973180077
3001,9.99298850574713
3002,9.64176245210728
3003,9.32942528735632
3004,5.9639846743295
3005,6.63816091954023
3006,9.86011494252874
3007,5.34712643678161
3008,6.00685823754789
3009,5.43241379310345
3010,9.02026819923372
3011,6.59628352490421
3012,5.96015325670498
3013,5.56628352490421
3014,8.3364367816092
3015,5.64521072796935
3016,6.26191570881226
3017,6.30206896551724
3018,9.24885057471264
3019,9.54045977011494
3020,6.46670498084291
3021,6.98256704980843
3022,5.4916091954023
3023,5.49766283524904
3024,8.16340996168582
3025,9.76295019157088
3026,7.54134099616858
3027,7.00348659003831
3028,6.53015325670498
3029,8.83249042145594
3030,7.15574712643678
3031,5.57206896551724
3032,5.69226053639847
3033,8.03547892720307
3034,6.83218390804598
3035,6.43689655172414
3036,9.90402298850575
3037,9.22475095785441
3038,5.4992337164751
3039,5.6588122605364
3040,7.27590038314176
3041,6.35249042145594
3042,6.24666666666667
3043,5.4751724137931
3044,7.46015325670498
3045,7.28651340996169
3046,9.627969348659
3047,7.07088122605364
3048,5.58578544061303
3049,6.89172413793103
3050,6.3632183908046
3051,8.3892337164751
3052,10.2485057471264
3053,5.56624521072797
3054,7.29199233716475
3055,7.24088122605364
3056,5.56735632183908
3057,6.40865900383142
3058,7.16965517241379
3059,6.81229885057471
3060,5.64291187739464
3061,8.10773946360153
3062,8.11015325670498
3063,9.46547892720307
3064,5.95900383141762
3065,6.17659003831418
3066,5.81827586206897
3067,5.76053639846743
3068,7.33329501915709
3069,5.78590038314176
3070,6.0439846743295
3071,7.10088122605364
3072,9.18501915708812
3073,6.68862068965517
3074,6.72114942528736
3075,5.25651340996169
3076,6.16961685823755
3077,5.28509578544061
3078,7.20137931034483
3079,7.94862068965517
3080,9.61126436781609
3081,9.90750957854406
3082,6.56429118773946
3083,8.43498084291188
3084,6.47137931034483
3085,6.88429118773946
3086,5.97130268199234
3087,5.58532567049808
3088,5.89478927203065
3089,7.32620689655172
3090,6.29800766283525
3091,6.71337164750958
3092,6.30409961685824
3093,6.83908045977012
3094,5.61088122605364
3095,6.85478927203065
3096,5.90605363984674
3097,9.82061302681992
3098,5.51180076628352
3099,7.70375478927203
3100,5.33869731800766
3101,5.53038314176245
3102,7.33099616858238
3103,6.4107662835249
3104,5.76544061302682
3105,7.16639846743295
3106,6.17084291187739
3107,5.52049808429119
3108,6.36168582375479
3109,5.51712643678161
3110,6.6195785440613
3111,7.15823754789272
3112,6.00099616858238
3113,5.9404214559387
3114,6.96831417624521
3115,6.66701149425287
3116,8.52578544061303
3117,5.67639846743295
3118,7.83854406130268
3119,6.39256704980843
3120,5.92586206896552
3121,8.0788122605364
3122,5.99954022988506
3123,9.87275862068966
3124,6.81337164750958
3125,6.59402298850575
3126,5.74003831417625
3127,6.14877394636015
3128,6.50938697318008
3129,5.66022988505747
3130,5.50126436781609
3131,6.54302681992337
3132,6.4695785440613
3133,8.15340996168582
3134,9.55582375478927
3135,6.51877394636015
3136,8.33475095785441
3137,6.57183908045977
3138,6.50467432950192
3139,6.1823754789272
3140,8.28747126436782
3141,5.99019157088123
3142,8.15452107279694
3143,5.41524904214559
3144,5.52168582375479
3145,5.92283524904215
3146,7.73325670498084
3147,6.63218390804598
3148,5.57126436781609
3149,7.24908045977011
3150,6.787969348659
3151,8.24329501915709
3152,5.49969348659004
3153,5.23547892720307
3154,5.36551724137931
3155,6.35670498084291
3156,10.2313793103448
3157,8.37268199233717
3158,6.8136398467433
3159,5.93712643678161
3160,6.18260536398467
3161,6.55325670498084
3162,9.79954022988506
3163,6.4083908045977
3164,8.35540229885057
3165,6.04835249042146
3166,7.07727969348659
3167,5.73383141762452
3168,7.25609195402299
3169,8.34651340996169
3170,6.54325670498084
3171,6.53490421455939
3172,7.88693486590038
3173,6.29218390804598
3174,8.26172413793103
3175,6.36862068965517
3176,6.20183908045977
3177,7.66908045977011
3178,5.7388122605364
3179,6.58885057471264
3180,8.07754789272031
3181,5.25969348659004
3182,6.68781609195402
3183,8.75946360153257
3184,6.64609195402299
3185,6.59291187739464
3186,6.90295019157088
3187,6.70007662835249
3188,8.84229885057471
3189,5.56034482758621
3190,6.28222222222222
3191,5.96168582375479
3192,6.50632183908046
3193,5.64241379310345
3194,9.79448275862069
3195,6.50226053639847
3196,8.02754789272031
3197,9.1823754789272
3198,5.8991570881226
3199,6.21065134099617
3200,6.9439846743295
3201,6.05448275862069
3202,6.97080459770115
3203,6.23681992337165
3204,8.03977011494253
3205,6.8948275862069
3206,8.23758620689655
3207,5.97651340996169
3208,6.56379310344828
3209,6.0604214559387
3210,7.00452107279694
3211,7.46544061302682
3212,6.28590038314176
3213,5.77065134099617
3214,6.87754789272031
3215,6.26045977011494
3216,8.01869731800766
3217,6.1048275862069
3218,7.04375478927203
3219,5.83402298850575
3220,6.46291187739464
3221,5.62413793103448
3222,6.6051724137931
3223,7.51268199233717
3224,5.48068965517241
3225,9.0039846743295
3226,5.41379310344828
3227,7.74249042145594
3228,6.97724137931035
3229,5.94731800766283
3230,8.91655172413793
3231,6.2239846743295
3232,5.64318007662835
3233,6.8672030651341
3234,5.53486590038314
3235,6.60114942528736
3236,8.19758620689655
3237,6.60287356321839
3238,6.54800766283525
3239,5.68061302681992
3240,6.30793103448276
3241,7.007969348659
3242,10.2308429118774
3243,5.61252873563218
3244,5.37547892720306
3245,9.17858237547893
3246,7.17827586206897
3247,5.32386973180077
3248,7.46486590038314
3249,8.91425287356322
3250,7.14199233716475
3251,7.20153256704981
3252,6.5648275862069
3253,6.70091954022988
3254,6.22145593869732
3255,5.54946360153257
3256,5.40268199233716
3257,5.67436781609195
3258,7.81291187739464
3259,6.15478927203065
3260,8.80157088122605
3261,9.80773946360153
3262,6.32984674329502
3263,7.00892720306513
3264,6.55674329501916
3265,5.70275862068966
3266,7.03467432950192
3267,6.93639846743295
3268,7.46340996168582
3269,6.21314176245211
3270,5.50107279693487
3271,5.63455938697318
3272,9.5648275862069
3273,6.23501915708812
3274,7.41413793103448
3275,8.70275862068966
3276,7.03800766283525
3277,6.77065134099617
3278,7.9344061302682
3279,6.8367816091954
3280,9.66333333333333
3281,5.7707662835249
3282,6.16149425287356
3283,7.23026819923372
3284,6.26980842911877
3285,8.58061302681992
3286,6.09348659003831
3287,6.82624521072797
3288,6.91544061302682
3289,6.3976245210728
3290,5.49068965517241
3291,5.54712643678161
3292,6.79463601532567
3293,9.32
3294,6.20252873563218
3295,8.76122605363985
3296,6.11340996168582
3297,7.10210727969349
3298,6.48873563218391
3299,5.54827586206897
3300,5.66183908045977
3301,5.81038314176245
3302,5.39536398467433
3303,6.09406130268199
3304,8.68823754789272
3305,7.22800766283525
3306,5.6155938697318
3307,9.85532567049808
3308,7.81716475095785
3309,5.71283524904215
3310,6.86061302681992
3311,5.45176245210728
3312,5.54183908045977
3313,6.09551724137931
3314,10.3806513409962
3315,7.38494252873563
3316,6.95528735632184
3317,9.76877394636015
3318,8.01241379310345
3319,9.27448275862069
3320,7.13475095785441
3321,6.82065134099617
3322,6.65685823754789
3323,6.65636015325671
3324,6.37789272030651
3325,6.38804597701149
3326,8.43463601532567
3327,9.01413793103448
3328,8.44222222222222
3329,5.68007662835249
3330,6.39670498084291
3331,6.86241379310345
3332,6.13590038314176
3333,6.68877394636015
3334,9.86567049808429
3335,7.71164750957854
3336,6.09846743295019
3337,6.11885057471264
3338,8.57452107279694
3339,9.43210727969349
3340,5.92283524904215
3341,8.58425287356322
3342,5.63574712643678
3343,9.74954022988506
3344,5.86478927203065
3345,6.32670498084291
3346,7.28704980842912
3347,9.77590038314176
3348,7.91436781609195
3349,8.67452107279694
3350,9.32547892720306
3351,6.99524904214559
3352,9.60022988505747
3353,6.94222222222222
3354,7.22206896551724
3355,5.99574712643678
3356,9.54486590038314
3357,7.56494252873563
3358,5.61333333333333
3359,9.51379310344828
3360,6.49486590038314
3361,6.12873563218391
3362,6.30164750957854
3363,5.73727969348659
3364,6.27049808429119
3365,6.58367816091954
3366,8.18827586206896
3367,5.40996168582376
3368,7.11735632183908
3369,9.87701149425287
3370,6.58111111111111
3371,9.92808429118774
3372,5.53103448275862
3373,7.252030651341
3374,7.44574712643678
3375,7.27704980842912
3376,9.12455938697318
3377,5.57919540229885
3378,5.65103448275862
3379,5.6683908045977
3380,7.07812260536398
3381,5.59620689655172
3382,6.0427969348659
3383,6.58268199233716
3384,5.94689655172414
3385,7.08528735632184
3386,7.21547892720307
3387,6.66099616858238
3388,5.72869731800766
3389,8.74524904214559
3390,9.46122605363985
3391,5.96214559386973
3392,7.69471264367816
3393,7.03724137931034
3394,9.45429118773946
3395,6.56459770114943
3396,6.55409961685824
3397,6.82134099616858
3398,8.15413793103448
3399,7.32249042145594
3400,6.60942528735632
3401,8.07291187739464
3402,7.39659003831418
3403,9.40590038314176
3404,8.46992337164751
3405,6.86080459770115
3406,6.41750957854406
3407,5.82877394636015
3408,8.53567049808429
3409,5.82555555555556
3410,5.74413793103448
3411,5.73992337164751
3412,8.49574712643678
3413,9.15088122605364
3414,7.39360153256705
3415,7.09226053639847
3416,7.32463601532567
3417,6.77896551724138
3418,7.46716475095785
3419,5.62417624521073
3420,6.22226053639847
3421,6.26639846743295
3422,6.38371647509579
3423,6.2964367816092
3424,7.12103448275862
3425,5.63501915708812
3426,9.07379310344828
3427,5.81448275862069
3428,7.74061302681992
3429,5.69904214559387
3430,7.56892720306513
3431,7.05823754789272
3432,5.41340996168582
3433,10.276245210728
3434,5.83858237547893
3435,7.29264367816092
3436,10.0572030651341
3437,6.94157088122605
3438,6.79183908045977
3439,6.65697318007663
3440,6.37245210727969
3441,7.21199233716475
3442,6.02233716475096
3443,7.21256704980843
3444,5.39804597701149
3445,7.51222222222222
3446,8.29651340996169
3447,6.86306513409962
3448,6.63340996168582
3449,8.77597701149425
3450,6.80946360153257
3451,5.67045977011494
3452,6.91494252873563
3453,6.84766283524904
3454,6.99390804597701
3455,6.25750957854406
3456,5.89613026819923
3457,5.49367816091954
3458,6.92425287356322
3459,8.07363984674329
3460,6.01655172413793
3461,10.1481609195402
3462,7.66777777777778
3463,6.58704980842912
3464,6.62352490421456
3465,5.71954022988506
3466,7.30363984674329
3467,6.42088122605364
3468,7.29674329501916
3469,7.22681992337165
3470,5.96314176245211
3471,5.96022988505747
3472,5.75145593869732
3473,5.80505747126437
3474,8.99084291187739
3475,7.17927203065134
3476,6.10969348659004
3477,5.82911877394636
3478,9.64590038314176
3479,10.1028352490421
3480,7.07904214559387
3481,9.61383141762452
3482,6.13911877394636
3483,5.62498084291188
3484,9.46252873563218
3485,7.47084291187739
3486,6.51494252873563
3487,5.53256704980843
3488,5.27256704980843
3489,7.01386973180077
3490,9.91176245210728
3491,5.48498084291188
3492,6.0051724137931
3493,5.63122605363985
3494,6.63992337164751
3495,6.21563218390805
3496,6.51888888888889
3497,5.30862068965517
3498,9.9072030651341
3499,5.43302681992337
3500,6.53551724137931
3501,5.78639846743295
3502,6.80455938697318
3503,5.75582375478927
3504,6.58739463601533
3505,7.18747126436782
3506,6.33134099616858
3507,6.26570881226054
3508,10.1901915708812
3509,5.82340996168582
3510,9.77609195402299
3511,6.4736398467433
3512,8.29632183908046
3513,7.292030651341
3514,6.30865900383142
3515,6.99628352490421
3516,6.7427969348659
3517,6.3260153256705
3518,6.04061302681992
3519,6.17494252873563
3520,6.04892720306513
3521,7.06586206896552
3522,6.76061302681992
3523,6.192030651341
3524,7.11636015325671
3525,9.7048275862069
3526,6.66961685823755
3527,6.92371647509579
3528,9.86283524904215
3529,6.19655172413793
3530,6.85992337164751
3531,7.32333333333333
3532,6.66034482758621
3533,6.06406130268199
3534,5.70950191570881
3535,6.61567049808429
3536,6.49904214559387
3537,7.94739463601533
3538,5.99528735632184
3539,5.94164750957854
3540,9.85003831417625
3541,5.56417624521073
3542,8.22904214559387
3543,9.27379310344828
3544,5.3232183908046
3545,5.55689655172414
3546,7.35126436781609
3547,6.71521072796935
3548,6.99245210727969
3549,6.13153256704981
3550,6.43065134099617
3551,6.43931034482759
3552,6.71988505747126
3553,7.96770114942529
3554,5.96639846743295
3555,5.23425287356322
3556,6.02950191570881
3557,5.41609195402299
3558,7.14053639846743
3559,5.52823754789272
3560,5.65260536398467
3561,6.99908045977011
3562,8.07467432950192
3563,6.78708812260536
3564,7.34609195402299
3565,7.31632183908046
3566,5.3511877394636
3567,6.45268199233716
3568,7.46268199233716
3569,8.27180076628352
3570,8.66222222222222
3571,9.05984674329502
3572,8.28383141762452
3573,5.82371647509579
3574,5.59750957854406
3575,7.66915708812261
3576,6.56111111111111
3577,7.16563218390805
3578,7.82452107279693
3579,6.32639846743295
3580,6.47137931034483
3581,5.81298850574713
3582,5.89007662835249
3583,5.31498084291188
3584,5.38463601532567
3585,7.31467432950192
3586,7.86022988505747
3587,5.74570881226054
3588,6.29195402298851
3589,5.44980842911877
3590,6.13061302681992
3591,10.1758237547893
3592,9.86444444444444
3593,6.9076245210728
3594,8.65137931034483
3595,7.86785440613027
3596,8.81877394636015
3597,8.66777777777778
3598,6.96505747126437
3599,6.09900383141762
3600,8.25528735632184
3601,9.96176245210728
3602,6.05406130268199
3603,6.16065134099617
3604,9.29444444444444
3605,6.96337164750958
3606,7.0432183908046
3607,9.36111111111111
3608,8.31390804597701
3609,5.66498084291188
3610,9.55045977011494
3611,5.3804214559387
3612,8.80218390804598
3613,6.10486590038314
3614,8.53827586206897
3615,7.7704214559387
3616,6.22325670498084
3617,7.28551724137931
3618,5.92325670498084
3619,5.43030651340996
3620,7.4104214559387
3621,5.21528735632184
3622,5.82471264367816
3623,7.14750957854406
3624,5.5148275862069
3625,6.00153256704981
3626,7.02206896551724
3627,7.26766283524904
3628,9.83187739463601
3629,8.74130268199234
3630,8.96804597701149
3631,9.33333333333333
3632,5.18061302681992
3633,8.95180076628352
3634,7.31865900383142
3635,7.99842911877395
3636,5.35620689655172
3637,8.73068965517241
3638,6.01122605363985
3639,6.97888888888889
3640,6.60463601532567
3641,6.5844061302682
3642,5.31996168582375
3643,7.1035632183908
3644,8.98865900383142
3645,8.97314176245211
3646,6.17241379310345
3647,6.30770114942529
3648,5.92091954022989
3649,7.66632183908046
3650,5.60574712643678
3651,5.3276245210728
3652,6.74088122605364
3653,6.35616858237548
3654,6.86091954022988
3655,7.34226053639847
3656,6.74471264367816
3657,6.79927203065134
3658,7.93659003831418
3659,9.23593869731801
3660,5.66934865900383
3661,5.82689655172414
3662,6.54425287356322
3663,7.1788122605364
3664,8.41593869731801
3665,5.9023754789272
3666,7.20180076628353
3667,5.78731800766284
3668,10.3603831417625
3669,9.1836398467433
3670,6.15226053639847
3671,10.1565517241379
3672,9.60245210727969
3673,6.82934865900383
3674,9.8263601532567
3675,5.77831417624521
3676,6.61521072796935
3677,8.12804597701149
3678,8.92352490421456
3679,9.54980842911877
3680,9.16812260536399
3681,5.77421455938697
3682,5.36819923371648
3683,5.7104214559387
3684,6.74636015325671
3685,6.94651340996169
3686,7.26954022988506
3687,6.20697318007663
3688,5.62157088122605
3689,6.21567049808429
3690,7.84812260536398
3691,5.66360153256705
3692,9.31716475095785
3693,6.78241379310345
3694,8.48578544061303
3695,6.51655172413793
3696,6.95950191570881
3697,6.42697318007663
3698,7.08226053639847
3699,7.21432950191571
3700,6.64310344827586
3701,5.44651340996169
3702,6.79563218390805
3703,7.30804597701149
3704,6.49666666666667
3705,6.79835249042146
3706,5.91681992337165
3707,5.77233716475096
3708,8.88984674329502
3709,6.54034482758621
3710,5.38597701149425
3711,9.46191570881226
3712,5.91252873563218
3713,5.97057471264368
3714,6.10249042145594
3715,8.61582375478927
3716,5.97107279693487
3717,9.3072030651341
3718,5.99195402298851
3719,9.60961685823755
3720,9.51214559386973
3721,6.61590038314176
3722,6.93080459770115
3723,7.33724137931034
3724,5.70402298850575
3725,5.71417624521073
3726,6.08065134099617
3727,5.95467432950192
3728,5.87701149425287
3729,6.12272030651341
3730,6.40153256704981
3731,6.08819923371647
3732,5.34647509578544
3733,6.66831417624521
3734,6.73896551724138
3735,5.43199233716475
3736,6.94655172413793
3737,6.23532567049808
3738,5.50268199233716
3739,5.78149425287356
3740,7.26003831417625
3741,7.86463601532567
3742,6.0972030651341
3743,7.77107279693487
3744,6.87544061302682
3745,9.16111111111111
3746,6.27329501915709
3747,5.33777777777778
3748,9.6455938697318
3749,7.02666666666667
3750,9.94977011494253
3751,6.6688122605364
3752,5.37214559386973
3753,6.52869731800766
3754,5.55835249042146
3755,6.33570881226054
3756,5.24739463601533
3757,7.74785440613027
3758,6.42383141762452
3759,6.51095785440613
3760,5.8839846743295
3761,7.27256704980843
3762,6.15222222222222
3763,6.2427969348659
3764,5.55306513409962
3765,6.69544061302682
3766,6.87425287356322
3767,9.70739463601532
3768,5.83065134099617
3769,9.48980842911877
3770,9.86386973180077
3771,6.0895785440613
3772,7.25524904214559
3773,5.47417624521073
3774,6.37348659003831
3775,5.61130268199234
3776,7.53919540229885
3777,5.45954022988506
3778,9.88689655172414
3779,7.59735632183908
3780,5.58068965517241
3781,7.34747126436782
3782,5.9507662835249
3783,7.21145593869732
3784,6.76911877394636
3785,8.58022988505747
3786,7.39758620689655
3787,6.91367816091954
3788,6.24597701149425
3789,6.47816091954023
3790,6.22164750957854
3791,6.19961685823755
3792,5.65865900383142
3793,9.11137931034483
3794,5.98812260536398
3795,7.08574712643678
3796,6.70536398467433
3797,6.43383141762452
3798,6.50823754789272
3799,5.96168582375479
3800,5.63988505747126
3801,6.30701149425287
3802,6.56226053639847
3803,6.68927203065134
3804,6.74938697318008
3805,7.07478927203065
3806,8.20781609195402
3807,7.29977011494253
3808,6.11111111111111
3809,8.69429118773946
3810,6.22620689655172
3811,8.38038314176245
3812,5.22375478927203
3813,5.64386973180077
3814,5.5848275862069
3815,5.79402298850575
3816,6.14590038314176
3817,6.6635632183908
3818,5.93793103448276
3819,7.60908045977011
3820,7.88390804597701
3821,8.82199233716475
3822,5.4948275862069
3823,8.2716091954023
3824,5.86314176245211
3825,8.23084291187739
3826,6.94406130268199
3827,6.4
3828,9.80812260536398
3829,5.40693486590038
3830,6.66942528735632
3831,5.85402298850575
3832,5.55670498084291
3833,6.87547892720306
3834,6.73287356321839
3835,7.40858237547893
3836,7.59011494252874
3837,5.30647509578544
3838,6.24210727969349
3839,6.88812260536398
3840,5.57084291187739
3841,7.48318007662835
3842,6.2711877394636
3843,6.47436781609195
3844,8.72019157088123
3845,5.4192337164751
3846,7.07183908045977
3847,8.29547892720307
3848,8.12712643678161
3849,6.41555555555556
3850,9.87812260536398
3851,8.11325670498084
3852,6.65383141762452
3853,5.69475095785441
3854,9.61068965517241
3855,6.39555555555556
3856,7.04134099616858
3857,5.41429118773946
3858,5.91988505747126
3859,7.0351724137931
3860,7.3404214559387
3861,5.95662835249042
3862,7.16130268199234
3863,5.31318007662835
3864,7.96084291187739
3865,7.11950191570881
3866,5.66072796934866
3867,6.80555555555556
3868,7.04919540229885
3869,7.75402298850575
3870,6.60712643678161
3871,9.41938697318008
3872,5.94084291187739
3873,6.0827969348659
3874,6.63582375478927
3875,8.59555555555556
3876,7.03659003831418
3877,6.19153256704981
3878,5.70436781609195
3879,10.4059003831418
3880,6.8644061302682
3881,9.00390804597701
3882,5.52819923371648
3883,7.66620689655172
3884,7.48900383141762
3885,6.49846743295019
3886,7.13402298850575
3887,9.16068965517241
3888,7.01318007662835
3889,6.6295785440613
3890,6.82954022988506
3891,7.48218390804598
3892,5.72245210727969
3893,7.13409961685824
3894,5.83206896551724
3895,6.50145593869732
3896,8.41168582375479
3897,7.91402298850575
3898,7.56091954022988
3899,7.27367816091954
3900,6.29490421455939
3901,6.24494252873563
3902,6.93065134099617
3903,5.62842911877395
3904,5.4876245210728
3905,5.79697318007663
3906,6.25793103448276
3907,7.05241379310345
3908,5.94521072796935
3909,6.41892720306513
3910,6.36647509578544
3911,6.88337164750958
3912,8.98888888888889
3913,5.52191570881226
3914,6.76969348659004
3915,6.81019157088123
3916,6.44666666666667
3917,6.97858237547893
3918,8.69827586206897
3919,9.85360153256705
3920,6.13114942528736
3921,5.3155938697318
3922,5.74961685823755
3923,9.37291187739464
3924,7.09701149425287
3925,6.93681992337165
3926,6.80544061302682
3927,5.42888888888889
3928,5.52785440613027
3929,5.85954022988506
3930,7.14061302681992
3931,5.52570881226054
3932,6.30977011494253
3933,7.71716475095785
3934,7.11340996168582
3935,9.26965517241379
3936,6.79873563218391
3937,7.06367816091954
3938,7.57409961685824
3939,7.24563218390805
3940,5.50628352490421
3941,5.78122605363985
3942,6.13789272030651
3943,5.29490421455939
3944,8.447969348659
3945,7.66034482758621
3946,6.1344061302682
3947,6.69647509578544
3948,6.29344827586207
3949,5.8332183908046
3950,7.55938697318008
3951,7.62505747126437
3952,5.69015325670498
3953,7.07659003831418
3954,6.62862068965517
3955,5.80620689655172
3956,8.2592337164751
3957,6.31758620689655
3958,6.04620689655172
3959,7.16685823754789
3960,8.84045977011494
3961,8.79137931034483
3962,8.65068965517241
3963,5.25494252873563
3964,7.86973180076628
3965,7.48919540229885
3966,6.88701149425287
3967,6.12478927203065
3968,6.03352490421456
3969,5.7735632183908
3970,6.10371647509579
3971,6.24954022988506
3972,7.14850574712644
3973,6.92754789272031
3974,5.53084291187739
3975,5.67272030651341
3976,6.59325670498084
3977,7.12973180076628
3978,9.4167816091954
3979,6.54409961685824
3980,8.17268199233716
3981,6.97099616858238
3982,5.88854406130268
3983,6.83674329501916
3984,5.84831417624521
3985,6.66337164750958
3986,9.58835249042146
3987,6.60218390804598
3988,6.41080459770115
3989,6.62911877394636
3990,6.89222222222222
3991,8.39513409961686
3992,5.51716475095785
3993,8.74969348659004
3994,6.65049808429119
3995,5.35827586206897
3996,7.95176245210728
3997,6.56862068965517
3998,9.69141762452107
3999,6.31463601532567
4000,9.39386973180077
4001,6.88034482758621
4002,6.79471264367816
4003,5.94210727969349
4004,5.47318007662835
4005,6.66034482758621
4006,6.72593869731801
4007,7.41360153256705
4008,6.13099616858238
4009,9.42344827586207
4010,7.08291187739464
4011,6.35245210727969
4012,7.33777777777778
4013,5.79919540229885
4014,5.68908045977012
4015,7.60793103448276
4016,7.26360153256705
4017,6.9523754789272
4018,5.92134099616858
4019,5.70501915708812
4020,6.12528735632184
4021,6.94942528735632
4022,9.42532567049808
4023,8.50869731800766
4024,6.60455938697318
4025,7.35647509578544
4026,6.60072796934866
4027,8.22218390804598
4028,9.70183908045977
4029,6.70195402298851
4030,5.76827586206897
4031,6.28264367816092
4032,8.45011494252874
4033,6.86007662835249
4034,6.39574712643678
4035,6.4051724137931
4036,9.10609195402299
4037,6.12770114942529
4038,6.78965517241379
4039,5.84340996168582
4040,6.71049808429119
4041,7.25639846743295
4042,8.63344827586207
4043,6.07103448275862
4044,5.58934865900383
4045,6.89624521072797
4046,5.59536398467433
4047,9.95425287356322
4048,6.14567049808429
4049,5.81283524904215
4050,6.47938697318008
4051,8.11616858237548
4052,8.25888888888889
4053,5.39402298850575
4054,7.26180076628352
4055,6.20977011494253
4056,10.2443295019157
4057,9.20145593869732
4058,9.19659003831418
4059,7.08590038314176
4060,5.46183908045977
4061,7.82743295019157
4062,5.65218390804598
4063,6.02582375478927
4064,5.93758620689655
4065,8.76122605363985
4066,6.37636015325671
4067,5.25927203065134
4068,6.29908045977012
4069,6.21613026819923
4070,7.20804597701149
4071,6.14770114942529
4072,6.26984674329502
4073,5.85697318007663
4074,6.57616858237548
4075,7.73114942528736
4076,7.16394636015326
4077,6.7607662835249
4078,9.17122605363985
4079,9.9392337164751
4080,6.92463601532567
4081,7.34348659003831
4082,6.97283524904215
4083,7.23666666666667
4084,7.58045977011494
4085,9.77789272030651
4086,5.59896551724138
4087,5.81452107279693
4088,5.49022988505747
4089,9.89750957854406
4090,5.95275862068966
4091,6.46003831417624
4092,7.23229885057471
4093,5.66651340996169
4094,5.59245210727969
4095,5.50869731800766
4096,9.18053639846743
4097,7.16689655172414
4098,5.7039846743295
4099,7.42946360153257
4100,6.50724137931034
4101,5.84789272030651
4102,9.12727969348659
4103,6.73038314176245
4104,6.69915708812261
4105,9.46666666666667
4106,5.62789272030651
4107,7.31318007662835
4108,7.95804597701149
4109,6.13494252873563
4110,5.6932183908046
4111,5.42126436781609
4112,7.23804597701149
4113,7.45808429118774
4114,7.20348659003831
4115,8.38731800766283
4116,7.39233716475096
4117,6.15352490421456
4118,9.76467432950191
4119,7.40831417624521
4120,5.74191570881226
4121,7.50823754789272
4122,7.02697318007663
4123,7.26329501915709
4124,5.84141762452107
4125,10.3533333333333
4126,6.68425287356322
4127,6.25478927203065
4128,7.15072796934866
4129,6.90597701149425
4130,6.92666666666667
4131,6.19421455938697
4132,6.02329501915709
4133,9.67329501915709
4134,6.23716475095785
4135,6.63689655172414
4136,5.65264367816092
4137,5.49659003831418
4138,5.50739463601533
4139,7.66536398467433
4140,6.64593869731801
4141,6.0172030651341
4142,8.72938697318008
4143,5.29582375478927
4144,8.88057471264368
4145,7.01789272030651
4146,6.83754789272031
4147,6.59931034482759
4148,7.1092337164751
4149,5.32114942528736
4150,8.25578544061303
4151,5.90057471264368
4152,5.60245210727969
4153,7.697969348659
4154,6.13295019157088
4155,7.70992337164751
4156,8.87961685823755
4157,5.62931034482759
4158,6.78003831417625
4159,9.02302681992337
4160,5.70302681992337
4161,7.03858237547893
4162,6.99980842911877
4163,6.67214559386973
4164,10.168122605364
4165,5.68659003831418
4166,6.72402298850575
4167,9.20904214559387
4168,7.18620689655172
4169,9.79777777777778
4170,8.83417624521073
4171,7.26149425287356
4172,9.18892720306513
4173,6.13329501915709
4174,5.82348659003831
4175,5.64854406130268
4176,5.22919540229885
4177,7.11229885057471
4178,7.05455938697318
4179,8.55448275862069
4180,6.07390804597701
4181,6.6007662835249
4182,7.40007662835249
4183,5.85103448275862
4184,7.84463601532567
4185,5.54823754789272
4186,6.00908045977012
4187,9.08984674329502
4188,5.83494252873563
4189,7.83582375478927
4190,6.32969348659004
4191,8.27632183908046
4192,6.01007662835249
4193,5.72057471264368
4194,6.95287356321839
4195,6.83038314176245
4196,5.94555555555556
4197,6.06206896551724
4198,5.46130268199234
4199,7.21459770114943
4200,5.29766283524904
4201,8.3888122605364
4202,6.36402298850575
4203,8.41421455938697
4204,9.52800766283525
4205,8.61187739463602
4206,8.63084291187739
4207,9.11639846743295
4208,7.53590038314176
4209,5.8364367816092
4210,7.79620689655172
4211,5.50057471264368
4212,6.46996168582375
4213,7.19283524904215
4214,5.70950191570881
4215,8.75597701149425
4216,6.43245210727969
4217,5.25501915708812
4218,7.45651340996169
4219,6.41670498084291
4220,5.95892720306513
4221,5.31310344827586
4222,8.38409961685824
4223,6.22593869731801
4224,7.30498084291188
4225,5.49739463601533
4226,6.93911877394636
4227,6.51613026819923
4228,5.39168582375479
4229,5.4476245210728
4230,8.12402298850575
4231,5.8136398467433
4232,9.63513409961686
4233,8.40187739463602
4234,7.12463601532567
4235,5.95245210727969
4236,8.03233716475096
4237,7.30593869731801
4238,5.84655172413793
4239,5.66551724137931
4240,6.26137931034483
4241,6.9767816091954
4242,5.36555555555556
4243,6.89532567049808
4244,9.16808429118774
4245,7.40911877394636
4246,8.44306513409962
4247,6.65421455938697
4248,6.72187739463602
4249,7.14781609195402
4250,5.41003831417625
4251,6.54521072796935
4252,5.88528735632184
4253,9.40061302681992
4254,7.14241379310345
4255,9.89567049808429
4256,6.82053639846743
4257,7.15850574712644
4258,6.43256704980843
4259,8.95344827586207
4260,7.86176245210728
4261,6.74260536398467
4262,5.78298850574713
4263,6.64061302681992
4264,7.36260536398467
4265,7.39766283524904
4266,5.7660153256705
4267,5.3055938697318
4268,5.54547892720307
4269,6.95869731800766
4270,7.22260536398467
4271,7.01180076628352
4272,7.98590038314176
4273,7.16704980842912
4274,6.11383141762452
4275,8.40647509578544
4276,6.21812260536398
4277,7.77992337164751
4278,7.1944061302682
4279,6.92494252873563
4280,8.68670498084291
4281,5.57352490421456
4282,6.75490421455939
4283,7.25919540229885
4284,6.37478927203065
4285,7.34609195402299
4286,7.09574712643678
4287,7.29984674329502
4288,6.05038314176245
4289,6.41954022988506
4290,7.29973180076628
4291,6.98494252873563
4292,9.05946360153257
4293,6.93793103448276
4294,6.9188122605364
4295,9.70758620689655
4296,6.19386973180077
4297,5.70049808429119
4298,6.17643678160919
4299,5.65513409961686
4300,6.70452107279694
4301,7.36337164750958
4302,5.53455938697318
4303,6.35712643678161
4304,6.78099616858238
4305,9.81088122605364
4306,6.08524904214559
4307,7.42141762452107
4308,5.3576245210728
4309,6.67383141762452
4310,9.19712643678161
4311,5.66226053639847
4312,6.40417624521073
4313,6.77471264367816
4314,5.7055938697318
4315,5.76153256704981
4316,9.94984674329502
4317,10.0510344827586
4318,5.75674329501916
4319,5.56823754789272
4320,6.2304214559387
4321,5.46513409961686
4322,6.11459770114943
4323,8.1307662835249
4324,6.79915708812261
4325,6.69735632183908
4326,6.04275862068966
4327,7.19337164750958
4328,7.40911877394636
4329,6.21509578544061
4330,6.3039846743295
4331,6.42743295019157
4332,6.96819923371647
4333,9.7716091954023
4334,5.40865900383142
4335,9.11693486590038
4336,5.96992337164751
4337,5.56287356321839
4338,6.9423754789272
4339,5.60570881226054
4340,5.56371647509579
4341,6.12130268199234
4342,6.60789272030651
4343,5.46544061302682
4344,6.74187739463602
4345,8.3436398467433
4346,7.09984674329502
4347,5.58137931034483
4348,9.3204214559387
4349,5.59521072796935
4350,5.84934865900383
4351,5.67053639846743
4352,6.53743295019157
4353,5.98459770114943
4354,9.0648275862069
4355,9.59597701149425
4356,9.79057471264368
4357,7.35157088122605
4358,5.82337164750958
4359,7.46766283524904
4360,6.98176245210728
4361,5.37773946360153
4362,5.36547892720306
4363,6.87114942528736
4364,7.26126436781609
4365,5.57900383141762
4366,5.99639846743295
4367,7.58210727969349
4368,8.45375478927203
4369,6.16180076628353
4370,7.12827586206897
4371,5.95007662835249
4372,5.96789272030651
4373,7.03827586206897
4374,6.94915708812261
4375,9.56555555555556
4376,6.3116091954023
4377,5.28409961685824
4378,5.47946360153257
4379,6.3183908045977
4380,5.74452107279693
4381,5.35980842911877
4382,7.69777777777778
4383,6.86850574712644
4384,5.56268199233716
4385,5.90375478927203
4386,6.88302681992337
4387,9.74390804597701
4388,8.41390804597701
4389,6.25421455938697
4390,8.23498084291188
4391,7.30666666666667
4392,9.35731800766284
4393,5.80448275862069
4394,5.34172413793103
4395,5.70931034482759
4396,6.7488122605364
4397,6.13459770114943
4398,6.73900383141762
4399,5.89570881226054
4400,5.5792337164751
4401,7.11463601532567
4402,7.47183908045977
4403,6.48509578544061
4404,6.51429118773946
4405,6.79007662835249
4406,7.93436781609195
4407,5.62586206896552
4408,6.82099616858238
4409,8.7648275862069
4410,6.2123754789272
